bin,brand,sub_brand,type,sub_type,bank,country,country_code,latitude,longitude,url
356210,JCB,,CREDIT,,"HONGKONG AND SHANGHAI BANKING CORP., LTD.",Hong Kong,HK,22.25,114.1667,https://binlists.com/356210
375900,AMERICAN EXPRESS,,CREDIT,,CATHAY PACIFIC,Hong Kong,HK,22.25,114.1667,https://binlists.com/375900
375901,AMERICAN EXPRESS,,CREDIT,,CATHAY PACIFIC,Hong Kong,HK,22.25,114.1667,https://binlists.com/375901
375902,AMERICAN EXPRESS,,CREDIT,,CATHAY PACIFIC,Hong Kong,HK,22.25,114.1667,https://binlists.com/375902
375903,AMERICAN EXPRESS,,CREDIT,,CATHAY PACIFIC,Hong Kong,HK,22.25,114.1667,https://binlists.com/375903
375904,AMERICAN EXPRESS,,CREDIT,,CATHAY PACIFIC,Hong Kong,HK,22.25,114.1667,https://binlists.com/375904
375905,AMERICAN EXPRESS,,CREDIT,,CATHAY PACIFIC,Hong Kong,HK,22.25,114.1667,https://binlists.com/375905
375906,AMERICAN EXPRESS,,CREDIT,,CATHAY PACIFIC,Hong Kong,HK,22.25,114.1667,https://binlists.com/375906
375907,AMERICAN EXPRESS,,CREDIT,,CATHAY PACIFIC,Hong Kong,HK,22.25,114.1667,https://binlists.com/375907
375908,AMERICAN EXPRESS,,CREDIT,,CATHAY PACIFIC,Hong Kong,HK,22.25,114.1667,https://binlists.com/375908
375909,AMERICAN EXPRESS,,CREDIT,,CATHAY PACIFIC,Hong Kong,HK,22.25,114.1667,https://binlists.com/375909
375910,AMERICAN EXPRESS,,CREDIT,,CATHAY PACIFIC,Hong Kong,HK,22.25,114.1667,https://binlists.com/375910
375911,AMERICAN EXPRESS,,CREDIT,,CATHAY PACIFIC,Hong Kong,HK,22.25,114.1667,https://binlists.com/375911
375912,AMERICAN EXPRESS,,CREDIT,,CATHAY PACIFIC,Hong Kong,HK,22.25,114.1667,https://binlists.com/375912
375913,AMERICAN EXPRESS,,CREDIT,,CATHAY PACIFIC,Hong Kong,HK,22.25,114.1667,https://binlists.com/375913
375914,AMERICAN EXPRESS,,CREDIT,,CATHAY PACIFIC,Hong Kong,HK,22.25,114.1667,https://binlists.com/375914
375915,AMERICAN EXPRESS,,CREDIT,,CATHAY PACIFIC,Hong Kong,HK,22.25,114.1667,https://binlists.com/375915
375916,AMERICAN EXPRESS,,CREDIT,,CATHAY PACIFIC,Hong Kong,HK,22.25,114.1667,https://binlists.com/375916
375917,AMERICAN EXPRESS,,CREDIT,,CATHAY PACIFIC,Hong Kong,HK,22.25,114.1667,https://binlists.com/375917
375918,AMERICAN EXPRESS,,CREDIT,,CATHAY PACIFIC,Hong Kong,HK,22.25,114.1667,https://binlists.com/375918
375919,AMERICAN EXPRESS,,CREDIT,,CATHAY PACIFIC,Hong Kong,HK,22.25,114.1667,https://binlists.com/375919
375920,AMERICAN EXPRESS,,CREDIT,,CATHAY PACIFIC,Hong Kong,HK,22.25,114.1667,https://binlists.com/375920
375921,AMERICAN EXPRESS,,CREDIT,,CATHAY PACIFIC,Hong Kong,HK,22.25,114.1667,https://binlists.com/375921
375922,AMERICAN EXPRESS,,CREDIT,,CATHAY PACIFIC,Hong Kong,HK,22.25,114.1667,https://binlists.com/375922
375923,AMERICAN EXPRESS,,CREDIT,,CATHAY PACIFIC,Hong Kong,HK,22.25,114.1667,https://binlists.com/375923
375924,AMERICAN EXPRESS,,CREDIT,,CATHAY PACIFIC,Hong Kong,HK,22.25,114.1667,https://binlists.com/375924
375925,AMERICAN EXPRESS,,CREDIT,,CATHAY PACIFIC,Hong Kong,HK,22.25,114.1667,https://binlists.com/375925
375926,AMERICAN EXPRESS,,CREDIT,,CATHAY PACIFIC,Hong Kong,HK,22.25,114.1667,https://binlists.com/375926
375927,AMERICAN EXPRESS,,CREDIT,,CATHAY PACIFIC,Hong Kong,HK,22.25,114.1667,https://binlists.com/375927
375928,AMERICAN EXPRESS,,CREDIT,,CATHAY PACIFIC,Hong Kong,HK,22.25,114.1667,https://binlists.com/375928
375929,AMERICAN EXPRESS,,CREDIT,,CATHAY PACIFIC,Hong Kong,HK,22.25,114.1667,https://binlists.com/375929
375930,AMERICAN EXPRESS,,CREDIT,,CATHAY PACIFIC,Hong Kong,HK,22.25,114.1667,https://binlists.com/375930
375931,AMERICAN EXPRESS,,CREDIT,,CATHAY PACIFIC,Hong Kong,HK,22.25,114.1667,https://binlists.com/375931
375932,AMERICAN EXPRESS,,CREDIT,,CATHAY PACIFIC,Hong Kong,HK,22.25,114.1667,https://binlists.com/375932
375933,AMERICAN EXPRESS,,CREDIT,,CATHAY PACIFIC,Hong Kong,HK,22.25,114.1667,https://binlists.com/375933
375934,AMERICAN EXPRESS,,CREDIT,,CATHAY PACIFIC,Hong Kong,HK,22.25,114.1667,https://binlists.com/375934
375935,AMERICAN EXPRESS,,CREDIT,,CATHAY PACIFIC,Hong Kong,HK,22.25,114.1667,https://binlists.com/375935
375936,AMERICAN EXPRESS,,CREDIT,,CATHAY PACIFIC,Hong Kong,HK,22.25,114.1667,https://binlists.com/375936
375937,AMERICAN EXPRESS,,CREDIT,,CATHAY PACIFIC,Hong Kong,HK,22.25,114.1667,https://binlists.com/375937
375938,AMERICAN EXPRESS,,CREDIT,,CATHAY PACIFIC,Hong Kong,HK,22.25,114.1667,https://binlists.com/375938
375939,AMERICAN EXPRESS,,CREDIT,,CATHAY PACIFIC,Hong Kong,HK,22.25,114.1667,https://binlists.com/375939
375940,AMERICAN EXPRESS,,CREDIT,,CATHAY PACIFIC,Hong Kong,HK,22.25,114.1667,https://binlists.com/375940
375941,AMERICAN EXPRESS,,CREDIT,,CATHAY PACIFIC,Hong Kong,HK,22.25,114.1667,https://binlists.com/375941
375942,AMERICAN EXPRESS,,CREDIT,,CATHAY PACIFIC,Hong Kong,HK,22.25,114.1667,https://binlists.com/375942
375943,AMERICAN EXPRESS,,CREDIT,,CATHAY PACIFIC,Hong Kong,HK,22.25,114.1667,https://binlists.com/375943
375944,AMERICAN EXPRESS,,CREDIT,,CATHAY PACIFIC,Hong Kong,HK,22.25,114.1667,https://binlists.com/375944
375945,AMERICAN EXPRESS,,CREDIT,,CATHAY PACIFIC,Hong Kong,HK,22.25,114.1667,https://binlists.com/375945
375946,AMERICAN EXPRESS,,CREDIT,,CATHAY PACIFIC,Hong Kong,HK,22.25,114.1667,https://binlists.com/375946
375947,AMERICAN EXPRESS,,CREDIT,,CATHAY PACIFIC,Hong Kong,HK,22.25,114.1667,https://binlists.com/375947
375948,AMERICAN EXPRESS,,CREDIT,,CATHAY PACIFIC,Hong Kong,HK,22.25,114.1667,https://binlists.com/375948
375949,AMERICAN EXPRESS,,CREDIT,,CATHAY PACIFIC,Hong Kong,HK,22.25,114.1667,https://binlists.com/375949
375950,AMERICAN EXPRESS,,CREDIT,,CATHAY PACIFIC,Hong Kong,HK,22.25,114.1667,https://binlists.com/375950
375951,AMERICAN EXPRESS,,CREDIT,,CATHAY PACIFIC,Hong Kong,HK,22.25,114.1667,https://binlists.com/375951
375952,AMERICAN EXPRESS,,CREDIT,,CATHAY PACIFIC,Hong Kong,HK,22.25,114.1667,https://binlists.com/375952
375953,AMERICAN EXPRESS,,CREDIT,,CATHAY PACIFIC,Hong Kong,HK,22.25,114.1667,https://binlists.com/375953
375954,AMERICAN EXPRESS,,CREDIT,,CATHAY PACIFIC,Hong Kong,HK,22.25,114.1667,https://binlists.com/375954
375955,AMERICAN EXPRESS,,CREDIT,,CATHAY PACIFIC,Hong Kong,HK,22.25,114.1667,https://binlists.com/375955
375956,AMERICAN EXPRESS,,CREDIT,,CATHAY PACIFIC,Hong Kong,HK,22.25,114.1667,https://binlists.com/375956
375957,AMERICAN EXPRESS,,CREDIT,,CATHAY PACIFIC,Hong Kong,HK,22.25,114.1667,https://binlists.com/375957
375958,AMERICAN EXPRESS,,CREDIT,,CATHAY PACIFIC,Hong Kong,HK,22.25,114.1667,https://binlists.com/375958
375959,AMERICAN EXPRESS,,CREDIT,,CATHAY PACIFIC,Hong Kong,HK,22.25,114.1667,https://binlists.com/375959
375960,AMERICAN EXPRESS,,CREDIT,,CATHAY PACIFIC,Hong Kong,HK,22.25,114.1667,https://binlists.com/375960
375961,AMERICAN EXPRESS,,CREDIT,,CATHAY PACIFIC,Hong Kong,HK,22.25,114.1667,https://binlists.com/375961
375962,AMERICAN EXPRESS,,CREDIT,,CATHAY PACIFIC,Hong Kong,HK,22.25,114.1667,https://binlists.com/375962
375963,AMERICAN EXPRESS,,CREDIT,,CATHAY PACIFIC,Hong Kong,HK,22.25,114.1667,https://binlists.com/375963
375964,AMERICAN EXPRESS,,CREDIT,,CATHAY PACIFIC,Hong Kong,HK,22.25,114.1667,https://binlists.com/375964
375965,AMERICAN EXPRESS,,CREDIT,,CATHAY PACIFIC,Hong Kong,HK,22.25,114.1667,https://binlists.com/375965
375966,AMERICAN EXPRESS,,CREDIT,,CATHAY PACIFIC,Hong Kong,HK,22.25,114.1667,https://binlists.com/375966
375967,AMERICAN EXPRESS,,CREDIT,,CATHAY PACIFIC,Hong Kong,HK,22.25,114.1667,https://binlists.com/375967
375968,AMERICAN EXPRESS,,CREDIT,,CATHAY PACIFIC,Hong Kong,HK,22.25,114.1667,https://binlists.com/375968
375969,AMERICAN EXPRESS,,CREDIT,,CATHAY PACIFIC,Hong Kong,HK,22.25,114.1667,https://binlists.com/375969
375970,AMERICAN EXPRESS,,CREDIT,,CATHAY PACIFIC,Hong Kong,HK,22.25,114.1667,https://binlists.com/375970
375971,AMERICAN EXPRESS,,CREDIT,,CATHAY PACIFIC,Hong Kong,HK,22.25,114.1667,https://binlists.com/375971
375972,AMERICAN EXPRESS,,CREDIT,,CATHAY PACIFIC,Hong Kong,HK,22.25,114.1667,https://binlists.com/375972
375973,AMERICAN EXPRESS,,CREDIT,,CATHAY PACIFIC,Hong Kong,HK,22.25,114.1667,https://binlists.com/375973
375974,AMERICAN EXPRESS,,CREDIT,,CATHAY PACIFIC,Hong Kong,HK,22.25,114.1667,https://binlists.com/375974
375975,AMERICAN EXPRESS,,CREDIT,,CATHAY PACIFIC,Hong Kong,HK,22.25,114.1667,https://binlists.com/375975
375976,AMERICAN EXPRESS,,CREDIT,,CATHAY PACIFIC,Hong Kong,HK,22.25,114.1667,https://binlists.com/375976
375977,AMERICAN EXPRESS,,CREDIT,,CATHAY PACIFIC,Hong Kong,HK,22.25,114.1667,https://binlists.com/375977
375978,AMERICAN EXPRESS,,CREDIT,,CATHAY PACIFIC,Hong Kong,HK,22.25,114.1667,https://binlists.com/375978
375979,AMERICAN EXPRESS,,CREDIT,,CATHAY PACIFIC,Hong Kong,HK,22.25,114.1667,https://binlists.com/375979
375980,AMERICAN EXPRESS,,CREDIT,,CATHAY PACIFIC,Hong Kong,HK,22.25,114.1667,https://binlists.com/375980
375981,AMERICAN EXPRESS,,CREDIT,,CATHAY PACIFIC,Hong Kong,HK,22.25,114.1667,https://binlists.com/375981
375982,AMERICAN EXPRESS,,CREDIT,,CATHAY PACIFIC,Hong Kong,HK,22.25,114.1667,https://binlists.com/375982
375983,AMERICAN EXPRESS,,CREDIT,,CATHAY PACIFIC,Hong Kong,HK,22.25,114.1667,https://binlists.com/375983
375985,AMERICAN EXPRESS,,CREDIT,,CATHAY PACIFIC,Hong Kong,HK,22.25,114.1667,https://binlists.com/375985
375986,AMERICAN EXPRESS,,CREDIT,,CATHAY PACIFIC,Hong Kong,HK,22.25,114.1667,https://binlists.com/375986
375988,AMERICAN EXPRESS,,CREDIT,,CATHAY PACIFIC,Hong Kong,HK,22.25,114.1667,https://binlists.com/375988
375989,AMERICAN EXPRESS,,CREDIT,,CATHAY PACIFIC,Hong Kong,HK,22.25,114.1667,https://binlists.com/375989
375990,AMERICAN EXPRESS,,CREDIT,,CATHAY PACIFIC,Hong Kong,HK,22.25,114.1667,https://binlists.com/375990
375991,AMERICAN EXPRESS,,CREDIT,,CATHAY PACIFIC,Hong Kong,HK,22.25,114.1667,https://binlists.com/375991
375992,AMERICAN EXPRESS,,CREDIT,,CATHAY PACIFIC,Hong Kong,HK,22.25,114.1667,https://binlists.com/375992
375993,AMERICAN EXPRESS,,CREDIT,,CATHAY PACIFIC,Hong Kong,HK,22.25,114.1667,https://binlists.com/375993
375994,AMERICAN EXPRESS,,CREDIT,,CATHAY PACIFIC,Hong Kong,HK,22.25,114.1667,https://binlists.com/375994
375995,AMERICAN EXPRESS,,CREDIT,,CATHAY PACIFIC,Hong Kong,HK,22.25,114.1667,https://binlists.com/375995
375996,AMERICAN EXPRESS,,CREDIT,,CATHAY PACIFIC,Hong Kong,HK,22.25,114.1667,https://binlists.com/375996
375997,AMERICAN EXPRESS,,CREDIT,,CATHAY PACIFIC,Hong Kong,HK,22.25,114.1667,https://binlists.com/375997
375998,AMERICAN EXPRESS,,CREDIT,,CATHAY PACIFIC,Hong Kong,HK,22.25,114.1667,https://binlists.com/375998
375999,AMERICAN EXPRESS,,CREDIT,,CATHAY PACIFIC,Hong Kong,HK,22.25,114.1667,https://binlists.com/375999
376330,AMERICAN EXPRESS,,CREDIT,,AMERICAN EXPRESS,Hong Kong,HK,22.25,114.1667,https://binlists.com/376330
376331,AMERICAN EXPRESS,,CREDIT,,AMERICAN EXPRESS,Hong Kong,HK,22.25,114.1667,https://binlists.com/376331
376332,AMERICAN EXPRESS,,CREDIT,,AMERICAN EXPRESS,Hong Kong,HK,22.25,114.1667,https://binlists.com/376332
376333,AMERICAN EXPRESS,,CREDIT,,AMERICAN EXPRESS,Hong Kong,HK,22.25,114.1667,https://binlists.com/376333
376334,AMERICAN EXPRESS,,CREDIT,,AMERICAN EXPRESS,Hong Kong,HK,22.25,114.1667,https://binlists.com/376334
376335,AMERICAN EXPRESS,,CREDIT,,AMERICAN EXPRESS,Hong Kong,HK,22.25,114.1667,https://binlists.com/376335
376336,AMERICAN EXPRESS,,CREDIT,,AMERICAN EXPRESS,Hong Kong,HK,22.25,114.1667,https://binlists.com/376336
376337,AMERICAN EXPRESS,,CREDIT,,AMERICAN EXPRESS,Hong Kong,HK,22.25,114.1667,https://binlists.com/376337
376338,AMERICAN EXPRESS,,CREDIT,,AMERICAN EXPRESS,Hong Kong,HK,22.25,114.1667,https://binlists.com/376338
376339,AMERICAN EXPRESS,,CREDIT,,AMERICAN EXPRESS,Hong Kong,HK,22.25,114.1667,https://binlists.com/376339
376380,AMERICAN EXPRESS,,CREDIT,PLATINUM,AMERICAN EXPRESS,Hong Kong,HK,22.25,114.1667,https://binlists.com/376380
376381,AMERICAN EXPRESS,,CREDIT,PLATINUM,AMERICAN EXPRESS,Hong Kong,HK,22.25,114.1667,https://binlists.com/376381
376382,AMERICAN EXPRESS,,CREDIT,PLATINUM,AMERICAN EXPRESS,Hong Kong,HK,22.25,114.1667,https://binlists.com/376382
376383,AMERICAN EXPRESS,,CREDIT,PLATINUM,AMERICAN EXPRESS,Hong Kong,HK,22.25,114.1667,https://binlists.com/376383
376384,AMERICAN EXPRESS,,CREDIT,PLATINUM,AMERICAN EXPRESS,Hong Kong,HK,22.25,114.1667,https://binlists.com/376384
376385,AMERICAN EXPRESS,,CREDIT,PLATINUM,AMERICAN EXPRESS,Hong Kong,HK,22.25,114.1667,https://binlists.com/376385
376386,AMERICAN EXPRESS,,CREDIT,PLATINUM,AMERICAN EXPRESS,Hong Kong,HK,22.25,114.1667,https://binlists.com/376386
376387,AMERICAN EXPRESS,,CREDIT,PLATINUM,AMERICAN EXPRESS,Hong Kong,HK,22.25,114.1667,https://binlists.com/376387
376388,AMERICAN EXPRESS,,CREDIT,PLATINUM,AMERICAN EXPRESS,Hong Kong,HK,22.25,114.1667,https://binlists.com/376388
376389,AMERICAN EXPRESS,,CREDIT,PLATINUM,AMERICAN EXPRESS,Hong Kong,HK,22.25,114.1667,https://binlists.com/376389
376390,AMERICAN EXPRESS,,CREDIT,PLATINUM,AMERICAN EXPRESS,Hong Kong,HK,22.25,114.1667,https://binlists.com/376390
376391,AMERICAN EXPRESS,,CREDIT,PLATINUM,AMERICAN EXPRESS,Hong Kong,HK,22.25,114.1667,https://binlists.com/376391
376392,AMERICAN EXPRESS,,CREDIT,PLATINUM,AMERICAN EXPRESS,Hong Kong,HK,22.25,114.1667,https://binlists.com/376392
376393,AMERICAN EXPRESS,,CREDIT,PLATINUM,AMERICAN EXPRESS,Hong Kong,HK,22.25,114.1667,https://binlists.com/376393
376394,AMERICAN EXPRESS,,CREDIT,PLATINUM,AMERICAN EXPRESS,Hong Kong,HK,22.25,114.1667,https://binlists.com/376394
376395,AMERICAN EXPRESS,,CREDIT,PLATINUM,AMERICAN EXPRESS,Hong Kong,HK,22.25,114.1667,https://binlists.com/376395
376396,AMERICAN EXPRESS,,CREDIT,PLATINUM,AMERICAN EXPRESS,Hong Kong,HK,22.25,114.1667,https://binlists.com/376396
376397,AMERICAN EXPRESS,,CREDIT,PLATINUM,AMERICAN EXPRESS,Hong Kong,HK,22.25,114.1667,https://binlists.com/376397
376398,AMERICAN EXPRESS,,CREDIT,PLATINUM,AMERICAN EXPRESS,Hong Kong,HK,22.25,114.1667,https://binlists.com/376398
376399,AMERICAN EXPRESS,,CREDIT,CENTURION,AMERICAN EXPRESS,Hong Kong,HK,22.25,114.1667,https://binlists.com/376399
377100,AMERICAN EXPRESS,,CREDIT,CLASSIC,"AEON CREDIT SERVICE (ASIA) CO., LTD.",Hong Kong,HK,22.25,114.1667,https://binlists.com/377100
377101,AMERICAN EXPRESS,,CREDIT,CLASSIC,"AEON CREDIT SERVICE (ASIA) CO., LTD.",Hong Kong,HK,22.25,114.1667,https://binlists.com/377101
377102,AMERICAN EXPRESS,,CREDIT,CLASSIC,"AEON CREDIT SERVICE (ASIA) CO., LTD.",Hong Kong,HK,22.25,114.1667,https://binlists.com/377102
377103,AMERICAN EXPRESS,,CREDIT,CLASSIC,"AEON CREDIT SERVICE (ASIA) CO., LTD.",Hong Kong,HK,22.25,114.1667,https://binlists.com/377103
377104,AMERICAN EXPRESS,,CREDIT,CLASSIC,"AEON CREDIT SERVICE (ASIA) CO., LTD.",Hong Kong,HK,22.25,114.1667,https://binlists.com/377104
377105,AMERICAN EXPRESS,,CREDIT,CLASSIC,"AEON CREDIT SERVICE (ASIA) CO., LTD.",Hong Kong,HK,22.25,114.1667,https://binlists.com/377105
377106,AMERICAN EXPRESS,,CREDIT,CLASSIC,"AEON CREDIT SERVICE (ASIA) CO., LTD.",Hong Kong,HK,22.25,114.1667,https://binlists.com/377106
377107,AMERICAN EXPRESS,,CREDIT,CLASSIC,"AEON CREDIT SERVICE (ASIA) CO., LTD.",Hong Kong,HK,22.25,114.1667,https://binlists.com/377107
377108,AMERICAN EXPRESS,,CREDIT,CLASSIC,"AEON CREDIT SERVICE (ASIA) CO., LTD.",Hong Kong,HK,22.25,114.1667,https://binlists.com/377108
377109,AMERICAN EXPRESS,,CREDIT,CLASSIC,"AEON CREDIT SERVICE (ASIA) CO., LTD.",Hong Kong,HK,22.25,114.1667,https://binlists.com/377109
377110,AMERICAN EXPRESS,,CREDIT,CLASSIC,"AEON CREDIT SERVICE (ASIA) CO., LTD.",Hong Kong,HK,22.25,114.1667,https://binlists.com/377110
377111,AMERICAN EXPRESS,,CREDIT,CLASSIC,"AEON CREDIT SERVICE (ASIA) CO., LTD.",Hong Kong,HK,22.25,114.1667,https://binlists.com/377111
377112,AMERICAN EXPRESS,,CREDIT,CLASSIC,"AEON CREDIT SERVICE (ASIA) CO., LTD.",Hong Kong,HK,22.25,114.1667,https://binlists.com/377112
377113,AMERICAN EXPRESS,,CREDIT,CLASSIC,"AEON CREDIT SERVICE (ASIA) CO., LTD.",Hong Kong,HK,22.25,114.1667,https://binlists.com/377113
377114,AMERICAN EXPRESS,,CREDIT,CLASSIC,"AEON CREDIT SERVICE (ASIA) CO., LTD.",Hong Kong,HK,22.25,114.1667,https://binlists.com/377114
377115,AMERICAN EXPRESS,,CREDIT,CLASSIC,"AEON CREDIT SERVICE (ASIA) CO., LTD.",Hong Kong,HK,22.25,114.1667,https://binlists.com/377115
377116,AMERICAN EXPRESS,,CREDIT,CLASSIC,"AEON CREDIT SERVICE (ASIA) CO., LTD.",Hong Kong,HK,22.25,114.1667,https://binlists.com/377116
377117,AMERICAN EXPRESS,,CREDIT,CLASSIC,"AEON CREDIT SERVICE (ASIA) CO., LTD.",Hong Kong,HK,22.25,114.1667,https://binlists.com/377117
377118,AMERICAN EXPRESS,,CREDIT,CLASSIC,"AEON CREDIT SERVICE (ASIA) CO., LTD.",Hong Kong,HK,22.25,114.1667,https://binlists.com/377118
377119,AMERICAN EXPRESS,,CREDIT,CLASSIC,"AEON CREDIT SERVICE (ASIA) CO., LTD.",Hong Kong,HK,22.25,114.1667,https://binlists.com/377119
400350,VISA,,CREDIT,INFINITE,"UNITED OVERSEAS BANK, LTD.",Hong Kong,HK,22.25,114.1667,https://binlists.com/400350
400358,VISA,,CREDIT,PLATINUM,"WING LUNG BANK, LTD.",Hong Kong,HK,22.25,114.1667,https://binlists.com/400358
400389,VISA,,CREDIT,PLATINUM,"SHANGHAI COMMERCIAL BANK, LTD.",Hong Kong,HK,22.25,114.1667,https://binlists.com/400389
400612,VISA,,CREDIT,PLATINUM,"HANG SENG BANK, LTD.",Hong Kong,HK,22.25,114.1667,https://binlists.com/400612
400616,VISA,,,,BANK OF CHINA,Hong Kong,HK,22.25,114.1667,https://binlists.com/400616
400670,VISA,,,,"CHIYU BANKING CORP., LTD.",Hong Kong,HK,22.25,114.1667,https://binlists.com/400670
400671,VISA,,,,"CHINA STATE BANK, LTD.",Hong Kong,HK,22.25,114.1667,https://binlists.com/400671
400672,VISA,,,,BANK OF CHINA,Hong Kong,HK,22.25,114.1667,https://binlists.com/400672
400673,VISA,,,,"HUA CHIAO COMMERCIAL BANK, LTD.",Hong Kong,HK,22.25,114.1667,https://binlists.com/400673
400674,VISA,,,,KINCHENG BANKING CORPORATION,Hong Kong,HK,22.25,114.1667,https://binlists.com/400674
400675,VISA,,,,KWANGTUNG PROVINCIAL BANK,Hong Kong,HK,22.25,114.1667,https://binlists.com/400675
400676,VISA,,,,"NANYANG COMMERCIAL BANK, LTD.",Hong Kong,HK,22.25,114.1667,https://binlists.com/400676
400677,VISA,,,,"NATIONAL COMMERCIAL BANK, LTD.",Hong Kong,HK,22.25,114.1667,https://binlists.com/400677
400678,VISA,,,,"BANK OF CHINA (HONG KONG), LTD.",Hong Kong,HK,22.25,114.1667,https://binlists.com/400678
400679,VISA,,,,"SIN HUA BANK, LTD.",Hong Kong,HK,22.25,114.1667,https://binlists.com/400679
400680,VISA,,,,"CHINA AND SOUTH SEA BANK, LTD.",Hong Kong,HK,22.25,114.1667,https://binlists.com/400680
400681,VISA,,,,"YIEN YIEH COMMERCIAL BANK, LTD.",Hong Kong,HK,22.25,114.1667,https://binlists.com/400681
400948,VISA,,,,"BANK OF EAST ASIA, LTD.",Hong Kong,HK,22.25,114.1667,https://binlists.com/400948
400975,VISA,,CREDIT,PLATINUM,"CITIBANK (HONG KONG), LTD.",Hong Kong,HK,22.25,114.1667,https://binlists.com/400975
402835,VISA,,CREDIT,CLASSIC,"CITIBANK (HONG KONG), LTD.",Hong Kong,HK,22.25,114.1667,https://binlists.com/402835
402836,VISA,,CREDIT,PREMIER,"CITIBANK (HONG KONG), LTD.",Hong Kong,HK,22.25,114.1667,https://binlists.com/402836
402856,VISA,,CREDIT,PLATINUM,"CITIBANK (HONG KONG), LTD.",Hong Kong,HK,22.25,114.1667,https://binlists.com/402856
403352,VISA,,CREDIT,CORPORATE T&E,"UNITED OVERSEAS BANK, LTD.",Hong Kong,HK,22.25,114.1667,https://binlists.com/403352
404338,VISA,,CREDIT,PREMIER,"AEON CREDIT SERVICE (ASIA) CO., LTD.",Hong Kong,HK,22.25,114.1667,https://binlists.com/404338
405227,VISA,,CREDIT,PLATINUM,"WING HANG BANK, LTD.",Hong Kong,HK,22.25,114.1667,https://binlists.com/405227
405508,VISA,,,,"SHANGHAI COMMERCIAL BANK, LTD.",Hong Kong,HK,22.25,114.1667,https://binlists.com/405508
405509,VISA,,,,,Hong Kong,HK,22.25,114.1667,https://binlists.com/405509
405803,VISA,,CREDIT,PLATINUM,"STANDARD CHARTERED BANK (HONG KONG), LTD.",Hong Kong,HK,22.25,114.1667,https://binlists.com/405803
405822,VISA,,DEBIT,CLASSIC,"FUBON BANK (HONG KONG), LTD.",Hong Kong,HK,22.25,114.1667,https://binlists.com/405822
405823,VISA,,CREDIT,PLATINUM,"FUBON BANK (HONG KONG), LTD.",Hong Kong,HK,22.25,114.1667,https://binlists.com/405823
406135,VISA,,,,,Hong Kong,HK,22.25,114.1667,https://binlists.com/406135
406136,VISA,,,,,Hong Kong,HK,22.25,114.1667,https://binlists.com/406136
406285,VISA,,,,,Hong Kong,HK,22.25,114.1667,https://binlists.com/406285
406286,VISA,,,,,Hong Kong,HK,22.25,114.1667,https://binlists.com/406286
407296,VISA,,,,"DAH SING BANK, LTD.",Hong Kong,HK,22.25,114.1667,https://binlists.com/407296
407526,VISA,,CREDIT,BUSINESS,"CITIBANK (HONG KONG), LTD.",Hong Kong,HK,22.25,114.1667,https://binlists.com/407526
410041,VISA,,CREDIT,CLASSIC,"STANDARD CHARTERED BANK (HONG KONG), LTD.",Hong Kong,HK,22.25,114.1667,https://binlists.com/410041
410128,VISA,,,,,Hong Kong,HK,22.25,114.1667,https://binlists.com/410128
410150,VISA,,,,,Hong Kong,HK,22.25,114.1667,https://binlists.com/410150
410151,VISA,,,,,Hong Kong,HK,22.25,114.1667,https://binlists.com/410151
411808,VISA,,DEBIT,PREPAID,"CHEKIANG FIRST BANK, LTD.",Hong Kong,HK,22.25,114.1667,https://binlists.com/411808
412029,VISA,,CREDIT,CLASSIC,"AUSTRALIA AND NEW ZEALAND BANKING GROUP, LTD.",Hong Kong,HK,22.25,114.1667,https://binlists.com/412029
412979,VISA,,CREDIT,BUSINESS,"DBS BANK (HONG KONG), LTD.",Hong Kong,HK,22.25,114.1667,https://binlists.com/412979
412980,VISA,,CREDIT,BUSINESS,"DBS BANK (HONG KONG), LTD.",Hong Kong,HK,22.25,114.1667,https://binlists.com/412980
413440,VISA,,,,,Hong Kong,HK,22.25,114.1667,https://binlists.com/413440
413721,VISA,,,,"HANG SENG BANK, LTD.",Hong Kong,HK,22.25,114.1667,https://binlists.com/413721
414004,VISA,,CREDIT,PLATINUM,"STANDARD CHARTERED BANK (HONG KONG), LTD.",Hong Kong,HK,22.25,114.1667,https://binlists.com/414004
414081,VISA,,,,,Hong Kong,HK,22.25,114.1667,https://binlists.com/414081
415734,VISA,,CREDIT,CLASSIC,"BANK OF EAST ASIA, LTD.",Hong Kong,HK,22.25,114.1667,https://binlists.com/415734
416505,VISA,,DEBIT,CLASSIC,CITIBANK,Hong Kong,HK,22.25,114.1667,https://binlists.com/416505
418170,VISA,,,,,Hong Kong,HK,22.25,114.1667,https://binlists.com/418170
418211,VISA,,CREDIT,BUSINESS,"SHANGHAI COMMERCIAL BANK, LTD.",Hong Kong,HK,22.25,114.1667,https://binlists.com/418211
419030,VISA,,CREDIT,GOLD PREMIUM,"BOC CREDIT CARD (INTERNATIONAL), LTD.",Hong Kong,HK,22.25,114.1667,https://binlists.com/419030
419077,VISA,,CREDIT,CLASSIC,"STANDARD CHARTERED BANK (HONG KONG), LTD.",Hong Kong,HK,22.25,114.1667,https://binlists.com/419077
419078,VISA,,CREDIT,PLATINUM,"STANDARD CHARTERED BANK (HONG KONG), LTD.",Hong Kong,HK,22.25,114.1667,https://binlists.com/419078
420184,VISA,,CREDIT,PLATINUM,"HONGKONG AND SHANGHAI BANKING CORP., LTD.",Hong Kong,HK,22.25,114.1667,https://binlists.com/420184
420548,VISA,,CREDIT,PLATINUM,"CHONG HING BANK, LTD.",Hong Kong,HK,22.25,114.1667,https://binlists.com/420548
421680,VISA,,DEBIT,CLASSIC,"DAH SING BANK, LTD.",Hong Kong,HK,22.25,114.1667,https://binlists.com/421680
422138,VISA,,,,,Hong Kong,HK,22.25,114.1667,https://binlists.com/422138
423271,VISA,,CREDIT,PLATINUM,BANK OF COMMUNICATIONS,Hong Kong,HK,22.25,114.1667,https://binlists.com/423271
426568,VISA,,,,,Hong Kong,HK,22.25,114.1667,https://binlists.com/426568
427062,VISA,,CREDIT,PLATINUM,"INDUSTRIAL AND COMMERCIAL BANK OF CHINA ASIA), LTD.",Hong Kong,HK,22.25,114.1667,https://binlists.com/427062
427064,VISA,,CREDIT,CLASSIC,"INDUSTRIAL AND COMMERCIAL BANK OF CHINA ASIA), LTD.",Hong Kong,HK,22.25,114.1667,https://binlists.com/427064
428342,VISA,,DEBIT,CLASSIC,"CHONG HING BANK, LTD.",Hong Kong,HK,22.25,114.1667,https://binlists.com/428342
428357,VISA,,DEBIT,CLASSIC,"DAH SING BANK, LTD.",Hong Kong,HK,22.25,114.1667,https://binlists.com/428357
428371,VISA,,DEBIT,CLASSIC,"BANK OF EAST ASIA, LTD.",Hong Kong,HK,22.25,114.1667,https://binlists.com/428371
428372,VISA,,DEBIT,,,Hong Kong,HK,22.25,114.1667,https://binlists.com/428372
428386,VISA,,DEBIT,CLASSIC,"BANK OF EAST ASIA, LTD.",Hong Kong,HK,22.25,114.1667,https://binlists.com/428386
428387,VISA,,DEBIT,,,Hong Kong,HK,22.25,114.1667,https://binlists.com/428387
428388,VISA,,DEBIT,,,Hong Kong,HK,22.25,114.1667,https://binlists.com/428388
428389,VISA,,DEBIT,,,Hong Kong,HK,22.25,114.1667,https://binlists.com/428389
428390,VISA,,DEBIT,,,Hong Kong,HK,22.25,114.1667,https://binlists.com/428390
428422,VISA,,CREDIT,INFINITE,"DAH SING BANK, LTD.",Hong Kong,HK,22.25,114.1667,https://binlists.com/428422
428456,VISA,,CREDIT,INFINITE,"WING HANG BANK, LTD.",Hong Kong,HK,22.25,114.1667,https://binlists.com/428456
428473,VISA,,CREDIT,INFINITE,"WING LUNG BANK, LTD.",Hong Kong,HK,22.25,114.1667,https://binlists.com/428473
429306,VISA,,CREDIT,GOLD PREMIUM,"BANK OF EAST ASIA, LTD.",Hong Kong,HK,22.25,114.1667,https://binlists.com/429306
429307,VISA,,CREDIT,CLASSIC,"BANK OF EAST ASIA, LTD.",Hong Kong,HK,22.25,114.1667,https://binlists.com/429307
429309,VISA,,,,"FIRST PACIFIC BANK, LTD.",Hong Kong,HK,22.25,114.1667,https://binlists.com/429309
429310,VISA,,,,"FIRST PACIFIC BANK, LTD.",Hong Kong,HK,22.25,114.1667,https://binlists.com/429310
429340,VISA,,,,,Hong Kong,HK,22.25,114.1667,https://binlists.com/429340
431509,VISA,,,,"INDUSTRIAL AND COMMERCIAL BANK OF CHINA ASIA), LTD.",Hong Kong,HK,22.25,114.1667,https://binlists.com/431509
431784,VISA,,CREDIT,PLATINUM,"AIG FINANCE (HONG KONG), LTD.",Hong Kong,HK,22.25,114.1667,https://binlists.com/431784
432141,VISA,,DEBIT,CLASSIC,"BANK OF EAST ASIA, LTD.",Hong Kong,HK,22.25,114.1667,https://binlists.com/432141
432565,VISA,,CREDIT,BUSINESS,"STANDARD CHARTERED BANK (HONG KONG), LTD.",Hong Kong,HK,22.25,114.1667,https://binlists.com/432565
433329,VISA,,CREDIT,,CITIBANK,Hong Kong,HK,22.25,114.1667,https://binlists.com/433329
433330,VISA,,CREDIT,,CITIBANK,Hong Kong,HK,22.25,114.1667,https://binlists.com/433330
433331,VISA,,CREDIT,,CITIBANK,Hong Kong,HK,22.25,114.1667,https://binlists.com/433331
433342,VISA,,CREDIT,,CITIBANK,Hong Kong,HK,22.25,114.1667,https://binlists.com/433342
433344,VISA,,CREDIT,,CITIBANK,Hong Kong,HK,22.25,114.1667,https://binlists.com/433344
433349,VISA,,CREDIT,,CITIBANK,Hong Kong,HK,22.25,114.1667,https://binlists.com/433349
433350,VISA,,CREDIT,,CITIBANK,Hong Kong,HK,22.25,114.1667,https://binlists.com/433350
433351,VISA,,CREDIT,,CITIBANK,Hong Kong,HK,22.25,114.1667,https://binlists.com/433351
433352,VISA,,CREDIT,,CITIBANK,Hong Kong,HK,22.25,114.1667,https://binlists.com/433352
433353,VISA,,CREDIT,,CITIBANK,Hong Kong,HK,22.25,114.1667,https://binlists.com/433353
433354,VISA,,CREDIT,,CITIBANK,Hong Kong,HK,22.25,114.1667,https://binlists.com/433354
433355,VISA,,CREDIT,,CITIBANK,Hong Kong,HK,22.25,114.1667,https://binlists.com/433355
433356,VISA,,CREDIT,,CITIBANK,Hong Kong,HK,22.25,114.1667,https://binlists.com/433356
433357,VISA,,CREDIT,,CITIBANK,Hong Kong,HK,22.25,114.1667,https://binlists.com/433357
433358,VISA,,CREDIT,,CITIBANK,Hong Kong,HK,22.25,114.1667,https://binlists.com/433358
433359,VISA,,CREDIT,,CITIBANK,Hong Kong,HK,22.25,114.1667,https://binlists.com/433359
433380,VISA,,CREDIT,,CITIBANK,Hong Kong,HK,22.25,114.1667,https://binlists.com/433380
433381,VISA,,CREDIT,,CITIBANK,Hong Kong,HK,22.25,114.1667,https://binlists.com/433381
433382,VISA,,CREDIT,,CITIBANK,Hong Kong,HK,22.25,114.1667,https://binlists.com/433382
433385,VISA,,CREDIT,,CITIBANK,Hong Kong,HK,22.25,114.1667,https://binlists.com/433385
433388,VISA,,CREDIT,CLASSIC,"CITIBANK (HONG KONG), LTD.",Hong Kong,HK,22.25,114.1667,https://binlists.com/433388
433389,VISA,,CREDIT,GOLD PREMIUM,CITIBANK INTERNATIONAL,Hong Kong,HK,22.25,114.1667,https://binlists.com/433389
433393,VISA,,CREDIT,,CITIBANK,Hong Kong,HK,22.25,114.1667,https://binlists.com/433393
433394,VISA,,CREDIT,,CITIBANK,Hong Kong,HK,22.25,114.1667,https://binlists.com/433394
433395,VISA,,CREDIT,,CITIBANK,Hong Kong,HK,22.25,114.1667,https://binlists.com/433395
433398,VISA,,CREDIT,,CITIBANK,Hong Kong,HK,22.25,114.1667,https://binlists.com/433398
433399,VISA,,CREDIT,,CITIBANK,Hong Kong,HK,22.25,114.1667,https://binlists.com/433399
433606,VISA,,,,"WING LUNG BANK, LTD.",Hong Kong,HK,22.25,114.1667,https://binlists.com/433606
433630,VISA,,CREDIT,BUSINESS,"BOC CREDIT CARD (INTERNATIONAL), LTD.",Hong Kong,HK,22.25,114.1667,https://binlists.com/433630
433631,VISA,,CREDIT,BUSINESS,"BANK OF CHINA, LTD.",Hong Kong,HK,22.25,114.1667,https://binlists.com/433631
433632,VISA,,CREDIT,BUSINESS,"BOC CREDIT CARD (INTERNATIONAL), LTD.",Hong Kong,HK,22.25,114.1667,https://binlists.com/433632
433633,VISA,,CREDIT,BUSINESS,"BOC CREDIT CARD (INTERNATIONAL), LTD.",Hong Kong,HK,22.25,114.1667,https://binlists.com/433633
433634,VISA,,CREDIT,BUSINESS,"BOC CREDIT CARD (INTERNATIONAL), LTD.",Hong Kong,HK,22.25,114.1667,https://binlists.com/433634
433635,VISA,,CREDIT,BUSINESS,"BOC CREDIT CARD (INTERNATIONAL), LTD.",Hong Kong,HK,22.25,114.1667,https://binlists.com/433635
433636,VISA,,CREDIT,BUSINESS,"BOC CREDIT CARD (INTERNATIONAL), LTD.",Hong Kong,HK,22.25,114.1667,https://binlists.com/433636
433637,VISA,,CREDIT,BUSINESS,"BOC CREDIT CARD (INTERNATIONAL), LTD.",Hong Kong,HK,22.25,114.1667,https://binlists.com/433637
433638,VISA,,CREDIT,BUSINESS,"BOC CREDIT CARD (INTERNATIONAL), LTD.",Hong Kong,HK,22.25,114.1667,https://binlists.com/433638
433639,VISA,,CREDIT,BUSINESS,"BOC CREDIT CARD (INTERNATIONAL), LTD.",Hong Kong,HK,22.25,114.1667,https://binlists.com/433639
433640,VISA,,CREDIT,BUSINESS,"BOC CREDIT CARD (INTERNATIONAL), LTD.",Hong Kong,HK,22.25,114.1667,https://binlists.com/433640
433641,VISA,,CREDIT,BUSINESS,"BOC CREDIT CARD (INTERNATIONAL), LTD.",Hong Kong,HK,22.25,114.1667,https://binlists.com/433641
433642,VISA,,CREDIT,BUSINESS,"BOC CREDIT CARD (INTERNATIONAL), LTD.",Hong Kong,HK,22.25,114.1667,https://binlists.com/433642
433644,VISA,,CREDIT,BUSINESS,"BOC CREDIT CARD (INTERNATIONAL), LTD.",Hong Kong,HK,22.25,114.1667,https://binlists.com/433644
433646,VISA,,CREDIT,BUSINESS,"BOC CREDIT CARD (INTERNATIONAL), LTD.",Hong Kong,HK,22.25,114.1667,https://binlists.com/433646
433648,VISA,,CREDIT,BUSINESS,"BOC CREDIT CARD (INTERNATIONAL), LTD.",Hong Kong,HK,22.25,114.1667,https://binlists.com/433648
433649,VISA,,CREDIT,BUSINESS,"BANK OF CHINA, LTD.",Hong Kong,HK,22.25,114.1667,https://binlists.com/433649
433650,VISA,,CREDIT,BUSINESS,"BOC CREDIT CARD (INTERNATIONAL), LTD.",Hong Kong,HK,22.25,114.1667,https://binlists.com/433650
433651,VISA,,CREDIT,BUSINESS,"BOC CREDIT CARD (INTERNATIONAL), LTD.",Hong Kong,HK,22.25,114.1667,https://binlists.com/433651
433652,VISA,,CREDIT,BUSINESS,"BOC CREDIT CARD (INTERNATIONAL), LTD.",Hong Kong,HK,22.25,114.1667,https://binlists.com/433652
433653,VISA,,CREDIT,BUSINESS,"BOC CREDIT CARD (INTERNATIONAL), LTD.",Hong Kong,HK,22.25,114.1667,https://binlists.com/433653
433654,VISA,,CREDIT,BUSINESS,"BOC CREDIT CARD (INTERNATIONAL), LTD.",Hong Kong,HK,22.25,114.1667,https://binlists.com/433654
433655,VISA,,CREDIT,BUSINESS,"BOC CREDIT CARD (INTERNATIONAL), LTD.",Hong Kong,HK,22.25,114.1667,https://binlists.com/433655
433656,VISA,,CREDIT,BUSINESS,"BOC CREDIT CARD (INTERNATIONAL), LTD.",Hong Kong,HK,22.25,114.1667,https://binlists.com/433656
433657,VISA,,CREDIT,BUSINESS,"BOC CREDIT CARD (INTERNATIONAL), LTD.",Hong Kong,HK,22.25,114.1667,https://binlists.com/433657
433658,VISA,,CREDIT,BUSINESS,"BOC CREDIT CARD (INTERNATIONAL), LTD.",Hong Kong,HK,22.25,114.1667,https://binlists.com/433658
433659,VISA,,CREDIT,BUSINESS,"BOC CREDIT CARD (INTERNATIONAL), LTD.",Hong Kong,HK,22.25,114.1667,https://binlists.com/433659
433660,VISA,,CREDIT,BUSINESS,"BOC CREDIT CARD (INTERNATIONAL), LTD.",Hong Kong,HK,22.25,114.1667,https://binlists.com/433660
433662,VISA,,CREDIT,BUSINESS,"BOC CREDIT CARD (INTERNATIONAL), LTD.",Hong Kong,HK,22.25,114.1667,https://binlists.com/433662
433664,VISA,,CREDIT,BUSINESS,"BOC CREDIT CARD (INTERNATIONAL), LTD.",Hong Kong,HK,22.25,114.1667,https://binlists.com/433664
434478,VISA,,,,,Hong Kong,HK,22.25,114.1667,https://binlists.com/434478
434479,VISA,,,,,Hong Kong,HK,22.25,114.1667,https://binlists.com/434479
434480,VISA,,,,STANDARD CHARTERED BANK,Hong Kong,HK,22.25,114.1667,https://binlists.com/434480
434482,VISA,,,,"BOC CREDIT CARD (INTERNATIONAL), LTD.",Hong Kong,HK,22.25,114.1667,https://binlists.com/434482
434483,VISA,,,,"BOC CREDIT CARD (INTERNATIONAL), LTD.",Hong Kong,HK,22.25,114.1667,https://binlists.com/434483
434689,VISA,,CREDIT,PREMIER,"CITIC BANK INTERNATIONAL, LTD.",Hong Kong,HK,22.25,114.1667,https://binlists.com/434689
434690,VISA,,CREDIT,CLASSIC,"CITIC BANK INTERNATIONAL, LTD.",Hong Kong,HK,22.25,114.1667,https://binlists.com/434690
434691,VISA,,CREDIT,PLATINUM,"CITIC BANK INTERNATIONAL, LTD.",Hong Kong,HK,22.25,114.1667,https://binlists.com/434691
436505,VISA,,CREDIT,INFINITE,,Hong Kong,HK,22.25,114.1667,https://binlists.com/436505
438426,VISA,,,,"WING LUNG BANK, LTD.",Hong Kong,HK,22.25,114.1667,https://binlists.com/438426
438437,VISA,,CREDIT,PLATINUM,"BANK OF EAST ASIA, LTD.",Hong Kong,HK,22.25,114.1667,https://binlists.com/438437
438617,VISA,,CREDIT,CLASSIC,"AIG FINANCE (HONG KONG), LTD.",Hong Kong,HK,22.25,114.1667,https://binlists.com/438617
438618,VISA,,CREDIT,PREMIER,"AIG FINANCE (HONG KONG), LTD.",Hong Kong,HK,22.25,114.1667,https://binlists.com/438618
438682,VISA,,DEBIT,CLASSIC,"DAH SING BANK, LTD.",Hong Kong,HK,22.25,114.1667,https://binlists.com/438682
439060,VISA,,CREDIT,CLASSIC,,Hong Kong,HK,22.25,114.1667,https://binlists.com/439060
439061,VISA,,CREDIT,PREMIER,,Hong Kong,HK,22.25,114.1667,https://binlists.com/439061
442314,VISA,,CREDIT,BUSINESS,"HANG SENG BANK, LTD.",Hong Kong,HK,22.25,114.1667,https://binlists.com/442314
442315,VISA,,CREDIT,BUSINESS,"HANG SENG BANK, LTD.",Hong Kong,HK,22.25,114.1667,https://binlists.com/442315
442381,VISA,,CREDIT,CLASSIC,"CHONG HING BANK, LTD.",Hong Kong,HK,22.25,114.1667,https://binlists.com/442381
442382,VISA,,CREDIT,PREMIER,"CHONG HING BANK, LTD.",Hong Kong,HK,22.25,114.1667,https://binlists.com/442382
442394,VISA,,CREDIT,INFINITE,"STANDARD CHARTERED BANK (HONG KONG), LTD.",Hong Kong,HK,22.25,114.1667,https://binlists.com/442394
442751,VISA,,DEBIT,,,Hong Kong,HK,22.25,114.1667,https://binlists.com/442751
445303,VISA,,CREDIT,CORPORATE T,BNP PARIBAS,Hong Kong,HK,22.25,114.1667,https://binlists.com/445303
445304,VISA,,CREDIT,PURCHASING,BNP PARIBAS,Hong Kong,HK,22.25,114.1667,https://binlists.com/445304
445305,VISA,,CREDIT,CORPORATE T,BNP PARIBAS,Hong Kong,HK,22.25,114.1667,https://binlists.com/445305
445306,VISA,,CREDIT,CORPORATE T,BNP PARIBAS,Hong Kong,HK,22.25,114.1667,https://binlists.com/445306
447297,VISA,,,,"BOC CREDIT CARD (INTERNATIONAL), LTD.",Hong Kong,HK,22.25,114.1667,https://binlists.com/447297
447605,VISA,,DEBIT,PREPAID,CITICORP,Hong Kong,HK,22.25,114.1667,https://binlists.com/447605
448404,VISA,,CREDIT,PURCHASING,"HONGKONG AND SHANGHAI BANKING CORP., LTD.",Hong Kong,HK,22.25,114.1667,https://binlists.com/448404
449913,VISA,,,,"DAO HENG BANK, LTD.",Hong Kong,HK,22.25,114.1667,https://binlists.com/449913
449915,VISA,,,,,Hong Kong,HK,22.25,114.1667,https://binlists.com/449915
449935,VISA,,CREDIT,GOLD PREMIUM,"ORIX ASIA, LTD.",Hong Kong,HK,22.25,114.1667,https://binlists.com/449935
449936,VISA,,CREDIT,CLASSIC,"ORIX ASIA, LTD.",Hong Kong,HK,22.25,114.1667,https://binlists.com/449936
450301,VISA,,CREDIT,CLASSIC,"UNITED OVERSEAS BANK, LTD.",Hong Kong,HK,22.25,114.1667,https://binlists.com/450301
450302,VISA,,CREDIT,CLASSIC,"UNITED OVERSEAS BANK, LTD.",Hong Kong,HK,22.25,114.1667,https://binlists.com/450302
450303,VISA,,CREDIT,GOLD PREMIUM,"UNITED OVERSEAS BANK, LTD.",Hong Kong,HK,22.25,114.1667,https://binlists.com/450303
450329,VISA,,,,"HONGKONG AND SHANGHAI BANKING CORP., LTD.",Hong Kong,HK,22.25,114.1667,https://binlists.com/450329
450405,VISA,,CREDIT,CLASSIC,"AEON CREDIT SERVICE (ASIA) CO., LTD.",Hong Kong,HK,22.25,114.1667,https://binlists.com/450405
450433,VISA,,DEBIT,CLASSIC,"DAH SING BANK, LTD.",Hong Kong,HK,22.25,114.1667,https://binlists.com/450433
450434,VISA,,CREDIT,GOLD PREMIUM,"DAH SING BANK, LTD.",Hong Kong,HK,22.25,114.1667,https://binlists.com/450434
450435,VISA,,CREDIT,CLASSIC,"DAH SING BANK, LTD.",Hong Kong,HK,22.25,114.1667,https://binlists.com/450435
450666,VISA,,CREDIT,CLASSIC,"FUBON BANK (HONG KONG), LTD.",Hong Kong,HK,22.25,114.1667,https://binlists.com/450666
450885,VISA,,CREDIT,CLASSIC,"STANDARD CHARTERED BANK (HONG KONG), LTD.",Hong Kong,HK,22.25,114.1667,https://binlists.com/450885
450936,VISA,,CREDIT,CLASSIC,"STANDARD CHARTERED BANK (HONG KONG), LTD.",Hong Kong,HK,22.25,114.1667,https://binlists.com/450936
451422,VISA,,CREDIT,PLATINUM,"DAH SING BANK, LTD.",Hong Kong,HK,22.25,114.1667,https://binlists.com/451422
451834,VISA,,CREDIT,CLASSIC,"DBS BANK (HONG KONG), LTD.",Hong Kong,HK,22.25,114.1667,https://binlists.com/451834
451835,VISA,,CREDIT,PLATINUM,"DBS BANK (HONG KONG), LTD.",Hong Kong,HK,22.25,114.1667,https://binlists.com/451835
451850,VISA,,CREDIT,CLASSIC,"WING LUNG BANK, LTD.",Hong Kong,HK,22.25,114.1667,https://binlists.com/451850
451851,VISA,,CREDIT,PREMIER,"WING LUNG BANK, LTD.",Hong Kong,HK,22.25,114.1667,https://binlists.com/451851
452442,VISA,,,,,Hong Kong,HK,22.25,114.1667,https://binlists.com/452442
453256,VISA,,,,"STANDARD CHARTERED BANK (HONG KONG), LTD.",Hong Kong,HK,22.25,114.1667,https://binlists.com/453256
453950,VISA,,CREDIT,PLATINUM,"DBS BANK (HONG KONG), LTD.",Hong Kong,HK,22.25,114.1667,https://binlists.com/453950
453969,VISA,,CREDIT,PREMIER,"SHANGHAI COMMERCIAL BANK, LTD.",Hong Kong,HK,22.25,114.1667,https://binlists.com/453969
453993,VISA,,CREDIT,PREMIER,"HANG SENG BANK, LTD.",Hong Kong,HK,22.25,114.1667,https://binlists.com/453993
454187,VISA,,CREDIT,CLASSIC,"HONGKONG AND SHANGHAI BANKING CORP., LTD.",Hong Kong,HK,22.25,114.1667,https://binlists.com/454187
454326,VISA,,,,,Hong Kong,HK,22.25,114.1667,https://binlists.com/454326
454327,VISA,,CREDIT,PLATINUM,,Hong Kong,HK,22.25,114.1667,https://binlists.com/454327
454328,VISA,,,,,Hong Kong,HK,22.25,114.1667,https://binlists.com/454328
454873,VISA,,CREDIT,CLASSIC,"SHANGHAI COMMERCIAL BANK, LTD.",Hong Kong,HK,22.25,114.1667,https://binlists.com/454873
454889,VISA,,CREDIT,CLASSIC,"HANG SENG BANK, LTD.",Hong Kong,HK,22.25,114.1667,https://binlists.com/454889
455249,VISA,,,,HONGKONG AND SHANGHAI BANKING CORPORATION,Hong Kong,HK,22.25,114.1667,https://binlists.com/455249
455271,VISA,,CREDIT,CLASSIC,"BANK OF EAST ASIA, LTD.",Hong Kong,HK,22.25,114.1667,https://binlists.com/455271
455272,VISA,,CREDIT,PREMIER,"BANK OF EAST ASIA, LTD.",Hong Kong,HK,22.25,114.1667,https://binlists.com/455272
455319,VISA,,CREDIT,,"WING HANG BANK, LTD.",Hong Kong,HK,22.25,114.1667,https://binlists.com/455319
455329,VISA,,CREDIT,,"WING HANG BANK, LTD.",Hong Kong,HK,22.25,114.1667,https://binlists.com/455329
455335,VISA,,CREDIT,,"WING HANG BANK, LTD.",Hong Kong,HK,22.25,114.1667,https://binlists.com/455335
455343,VISA,,CREDIT,,"WING HANG BANK, LTD.",Hong Kong,HK,22.25,114.1667,https://binlists.com/455343
455352,VISA,,CREDIT,CLASSIC,"WING HANG BANK, LTD.",Hong Kong,HK,22.25,114.1667,https://binlists.com/455352
455353,VISA,,CREDIT,PREMIER,"WING HANG BANK, LTD.",Hong Kong,HK,22.25,114.1667,https://binlists.com/455353
455387,VISA,,CREDIT,,"WING HANG BANK, LTD.",Hong Kong,HK,22.25,114.1667,https://binlists.com/455387
455398,VISA,,CREDIT,,"WING HANG BANK, LTD.",Hong Kong,HK,22.25,114.1667,https://binlists.com/455398
455399,VISA,,CREDIT,,"WING HANG BANK, LTD.",Hong Kong,HK,22.25,114.1667,https://binlists.com/455399
455707,VISA,,CREDIT,CLASSIC,"HANG SENG BANK, LTD.",Hong Kong,HK,22.25,114.1667,https://binlists.com/455707
455728,VISA,,CREDIT,PLATINUM,"HANG SENG BANK, LTD.",Hong Kong,HK,22.25,114.1667,https://binlists.com/455728
455729,VISA,,DEBIT,PLATINUM,"HANG SENG BANK, LTD.",Hong Kong,HK,22.25,114.1667,https://binlists.com/455729
455730,VISA,,CREDIT,BUSINESS,"HANG SENG BANK, LTD.",Hong Kong,HK,22.25,114.1667,https://binlists.com/455730
456079,VISA,,CREDIT,BUSINESS,"HONGKONG AND SHANGHAI BANKING CORP., LTD.",Hong Kong,HK,22.25,114.1667,https://binlists.com/456079
458126,VISA,,CREDIT,CLASSIC,BANK OF COMMUNICATIONS,Hong Kong,HK,22.25,114.1667,https://binlists.com/458126
458127,VISA,,CREDIT,PREMIER,BANK OF COMMUNICATIONS,Hong Kong,HK,22.25,114.1667,https://binlists.com/458127
461725,VISA,,CREDIT,PREMIER,"CITIBANK (HONG KONG), LTD.",Hong Kong,HK,22.25,114.1667,https://binlists.com/461725
461726,VISA,,CREDIT,PLATINUM,"CITIBANK (HONG KONG), LTD.",Hong Kong,HK,22.25,114.1667,https://binlists.com/461726
462418,VISA,,,,,Hong Kong,HK,22.25,114.1667,https://binlists.com/462418
462419,VISA,,,,,Hong Kong,HK,22.25,114.1667,https://binlists.com/462419
463768,VISA,,DEBIT,CLASSIC,BANK OF COMMUNICATIONS,Hong Kong,HK,22.25,114.1667,https://binlists.com/463768
464006,VISA,,CREDIT,PREMIER,"PUBLIC BANK (HONG KONG), LTD.",Hong Kong,HK,22.25,114.1667,https://binlists.com/464006
464007,VISA,,CREDIT,CLASSIC,"PUBLIC BANK (HONG KONG), LTD.",Hong Kong,HK,22.25,114.1667,https://binlists.com/464007
464552,VISA,,,,,Hong Kong,HK,22.25,114.1667,https://binlists.com/464552
465883,VISA,,CREDIT,PREMIER,"DBS BANK (HONG KONG), LTD.",Hong Kong,HK,22.25,114.1667,https://binlists.com/465883
465884,VISA,,CREDIT,CLASSIC,"DBS BANK (HONG KONG), LTD.",Hong Kong,HK,22.25,114.1667,https://binlists.com/465884
467932,VISA,,CREDIT,PLATINUM,,Hong Kong,HK,22.25,114.1667,https://binlists.com/467932
468806,VISA,,,,"AEON CREDIT SERVICE (ASIA) CO., LTD.",Hong Kong,HK,22.25,114.1667,https://binlists.com/468806
469538,VISA,,CREDIT,CLASSIC,"DAH SING BANK, LTD.",Hong Kong,HK,22.25,114.1667,https://binlists.com/469538
469539,VISA,,DEBIT,CLASSIC,"DAH SING BANK, LTD.",Hong Kong,HK,22.25,114.1667,https://binlists.com/469539
469550,VISA,,CREDIT,PREMIER,"DAH SING BANK, LTD.",Hong Kong,HK,22.25,114.1667,https://binlists.com/469550
470534,VISA,,CREDIT,PLATINUM,"CITIBANK (HONG KONG), LTD.",Hong Kong,HK,22.25,114.1667,https://binlists.com/470534
470558,VISA,,CREDIT,CORPORATE T&E,"AEON CREDIT SERVICE (ASIA) CO., LTD.",Hong Kong,HK,22.25,114.1667,https://binlists.com/470558
475514,VISA,,CREDIT,CLASSIC,"HONGKONG AND SHANGHAI BANKING CORP., LTD.",Hong Kong,HK,22.25,114.1667,https://binlists.com/475514
476073,VISA,,CREDIT,PLATINUM,"DBS BANK (HONG KONG), LTD.",Hong Kong,HK,22.25,114.1667,https://binlists.com/476073
476118,VISA,,CREDIT,CLASSIC,,Hong Kong,HK,22.25,114.1667,https://binlists.com/476118
476119,VISA,,CREDIT,CLASSIC,,Hong Kong,HK,22.25,114.1667,https://binlists.com/476119
479110,VISA,,CREDIT,CLASSIC,"CITIBANK (HONG KONG), LTD.",Hong Kong,HK,22.25,114.1667,https://binlists.com/479110
479111,VISA,,CREDIT,PREMIER,"CITIBANK (HONG KONG), LTD.",Hong Kong,HK,22.25,114.1667,https://binlists.com/479111
479119,VISA,,CREDIT,CLASSIC,"INDUSTRIAL AND COMMERCIAL BANK OF CHINA ASIA), LTD.",Hong Kong,HK,22.25,114.1667,https://binlists.com/479119
479120,VISA,,CREDIT,PREMIER,"INDUSTRIAL AND COMMERCIAL BANK OF CHINA ASIA), LTD.",Hong Kong,HK,22.25,114.1667,https://binlists.com/479120
483518,VISA,,CREDIT,PLATINUM,"BOC CREDIT CARD (INTERNATIONAL), LTD.",Hong Kong,HK,22.25,114.1667,https://binlists.com/483518
483519,VISA,,CREDIT,PLATINUM,"BOC CREDIT CARD (INTERNATIONAL), LTD.",Hong Kong,HK,22.25,114.1667,https://binlists.com/483519
483520,VISA,,,,"BOC CREDIT CARD (INTERNATIONAL), LTD.",Hong Kong,HK,22.25,114.1667,https://binlists.com/483520
483521,VISA,,,,"BOC CREDIT CARD (INTERNATIONAL), LTD.",Hong Kong,HK,22.25,114.1667,https://binlists.com/483521
483522,VISA,,,,"BOC CREDIT CARD (INTERNATIONAL), LTD.",Hong Kong,HK,22.25,114.1667,https://binlists.com/483522
483523,VISA,,,,"BOC CREDIT CARD (INTERNATIONAL), LTD.",Hong Kong,HK,22.25,114.1667,https://binlists.com/483523
483524,VISA,,,,"BOC CREDIT CARD (INTERNATIONAL), LTD.",Hong Kong,HK,22.25,114.1667,https://binlists.com/483524
483525,VISA,,,,"BOC CREDIT CARD (INTERNATIONAL), LTD.",Hong Kong,HK,22.25,114.1667,https://binlists.com/483525
483526,VISA,,,,"BOC CREDIT CARD (INTERNATIONAL), LTD.",Hong Kong,HK,22.25,114.1667,https://binlists.com/483526
483527,VISA,,,,"BOC CREDIT CARD (INTERNATIONAL), LTD.",Hong Kong,HK,22.25,114.1667,https://binlists.com/483527
483528,VISA,,,,"BOC CREDIT CARD (INTERNATIONAL), LTD.",Hong Kong,HK,22.25,114.1667,https://binlists.com/483528
483529,VISA,,,,"BOC CREDIT CARD (INTERNATIONAL), LTD.",Hong Kong,HK,22.25,114.1667,https://binlists.com/483529
483546,VISA,,DEBIT,PREMIER,STATE BANK OF INDIA,Hong Kong,HK,22.25,114.1667,https://binlists.com/483546
483590,VISA,,CREDIT,BUSINESS,"HONGKONG AND SHANGHAI BANKING CORP., LTD.",Hong Kong,HK,22.25,114.1667,https://binlists.com/483590
485600,VISA,,CREDIT,BUSINESS,"HONGKONG AND SHANGHAI BANKING CORP., LTD.",Hong Kong,HK,22.25,114.1667,https://binlists.com/485600
485981,VISA,,,,CITIBANK,Hong Kong,HK,22.25,114.1667,https://binlists.com/485981
485985,VISA,,,,CITIBANK,Hong Kong,HK,22.25,114.1667,https://binlists.com/485985
485996,VISA,,CREDIT,PURCHASING,CITIBANK,Hong Kong,HK,22.25,114.1667,https://binlists.com/485996
486259,VISA,,CREDIT,INFINITE,"DAH SING BANK, LTD.",Hong Kong,HK,22.25,114.1667,https://binlists.com/486259
486330,VISA,,CREDIT,INFINITE,BANK OF CHINA,Hong Kong,HK,22.25,114.1667,https://binlists.com/486330
486331,VISA,,CREDIT,INFINITE,BOC CREDIT CARD (INTERNATIONAL) LIMITED,Hong Kong,HK,22.25,114.1667,https://binlists.com/486331
486332,VISA,,CREDIT,INFINITE,BOC CREDIT CARD (INTERNATIONAL) LIMITED,Hong Kong,HK,22.25,114.1667,https://binlists.com/486332
486401,VISA,,CREDIT,CORPORATE T&E,"HONGKONG AND SHANGHAI BANKING CORP., LTD.",Hong Kong,HK,22.25,114.1667,https://binlists.com/486401
486458,VISA,,CREDIT,CORPORATE T&E,CITIBANK,Hong Kong,HK,22.25,114.1667,https://binlists.com/486458
486495,VISA,,CREDIT,CORPORATE T&E,"STANDARD CHARTERED BANK (HONG KONG), LTD.",Hong Kong,HK,22.25,114.1667,https://binlists.com/486495
487028,VISA,,CREDIT,PLATINUM,"DAH SING BANK, LTD.",Hong Kong,HK,22.25,114.1667,https://binlists.com/487028
489968,VISA,,CREDIT,CLASSIC,"WING HANG BANK, LTD.",Hong Kong,HK,22.25,114.1667,https://binlists.com/489968
489969,VISA,,CREDIT,PREMIER,"WING HANG BANK, LTD.",Hong Kong,HK,22.25,114.1667,https://binlists.com/489969
490285,VISA,,CREDIT,PLATINUM,"PUBLIC BANK (HONG KONG), LTD.",Hong Kong,HK,22.25,114.1667,https://binlists.com/490285
491687,VISA,,,,INTERNATIONAL BANK OF ASIA LIMITED,Hong Kong,HK,22.25,114.1667,https://binlists.com/491687
491857,VISA,,CREDIT,CLASSIC,"DAH SING BANK, LTD.",Hong Kong,HK,22.25,114.1667,https://binlists.com/491857
491858,VISA,,CREDIT,PREMIER,"DAH SING BANK, LTD.",Hong Kong,HK,22.25,114.1667,https://binlists.com/491858
491891,VISA,,CREDIT,CLASSIC,"CITIC BANK INTERNATIONAL, LTD.",Hong Kong,HK,22.25,114.1667,https://binlists.com/491891
491892,VISA,,CREDIT,PREMIER,"CITIC BANK INTERNATIONAL, LTD.",Hong Kong,HK,22.25,114.1667,https://binlists.com/491892
492103,VISA,,CREDIT,CLASSIC,"DBS BANK (HONG KONG), LTD.",Hong Kong,HK,22.25,114.1667,https://binlists.com/492103
492111,VISA,,CREDIT,CLASSIC,HSBC,Hong Kong,HK,22.25,114.1667,https://binlists.com/492111
492435,VISA,,CREDIT,CORPORATE T&E,"CHONG HING BANK, LTD.",Hong Kong,HK,22.25,114.1667,https://binlists.com/492435
492436,VISA,,CREDIT,CORPORATE,"LIU CHONG HING BANK, LTD.",Hong Kong,HK,22.25,114.1667,https://binlists.com/492436
492456,VISA,,CREDIT,BUSINESS,"WING HANG BANK, LTD.",Hong Kong,HK,22.25,114.1667,https://binlists.com/492456
493195,VISA,,CREDIT,INFINITE,"HANG SENG BANK, LTD.",Hong Kong,HK,22.25,114.1667,https://binlists.com/493195
493773,VISA,,,,"CHASE MANHATTAN CARD COMPANY, LTD.",Hong Kong,HK,22.25,114.1667,https://binlists.com/493773
493860,VISA,,CREDIT,CLASSIC,"BOC CREDIT CARD (INTERNATIONAL), LTD.",Hong Kong,HK,22.25,114.1667,https://binlists.com/493860
493861,VISA,,CREDIT,CLASSIC,"BOC CREDIT CARD (INTERNATIONAL), LTD.",Hong Kong,HK,22.25,114.1667,https://binlists.com/493861
493862,VISA,,,,"BOC CREDIT CARD (INTERNATIONAL), LTD.",Hong Kong,HK,22.25,114.1667,https://binlists.com/493862
493863,VISA,,CREDIT,CLASSIC,"BOC CREDIT CARD (INTERNATIONAL), LTD.",Hong Kong,HK,22.25,114.1667,https://binlists.com/493863
493864,VISA,,CREDIT,CLASSIC,"BOC CREDIT CARD (INTERNATIONAL), LTD.",Hong Kong,HK,22.25,114.1667,https://binlists.com/493864
493865,VISA,,,,"BOC CREDIT CARD (INTERNATIONAL), LTD.",Hong Kong,HK,22.25,114.1667,https://binlists.com/493865
493866,VISA,,,,"BOC CREDIT CARD (INTERNATIONAL), LTD.",Hong Kong,HK,22.25,114.1667,https://binlists.com/493866
493867,VISA,,,,"BOC CREDIT CARD (INTERNATIONAL), LTD.",Hong Kong,HK,22.25,114.1667,https://binlists.com/493867
493868,VISA,,CREDIT,CLASSIC,"BOC CREDIT CARD (INTERNATIONAL), LTD.",Hong Kong,HK,22.25,114.1667,https://binlists.com/493868
493869,VISA,,,,"BOC CREDIT CARD (INTERNATIONAL), LTD.",Hong Kong,HK,22.25,114.1667,https://binlists.com/493869
493870,VISA,,,,"BOC CREDIT CARD (INTERNATIONAL), LTD.",Hong Kong,HK,22.25,114.1667,https://binlists.com/493870
493871,VISA,,,,"BOC CREDIT CARD (INTERNATIONAL), LTD.",Hong Kong,HK,22.25,114.1667,https://binlists.com/493871
493872,VISA,,,,"BOC CREDIT CARD (INTERNATIONAL), LTD.",Hong Kong,HK,22.25,114.1667,https://binlists.com/493872
493873,VISA,,CREDIT,CLASSIC,"BOC CREDIT CARD (INTERNATIONAL), LTD.",Hong Kong,HK,22.25,114.1667,https://binlists.com/493873
493874,VISA,,,,"BOC CREDIT CARD (INTERNATIONAL), LTD.",Hong Kong,HK,22.25,114.1667,https://binlists.com/493874
493875,VISA,,CREDIT,CLASSIC,"BOC CREDIT CARD (INTERNATIONAL), LTD.",Hong Kong,HK,22.25,114.1667,https://binlists.com/493875
493876,VISA,,,,"BOC CREDIT CARD (INTERNATIONAL), LTD.",Hong Kong,HK,22.25,114.1667,https://binlists.com/493876
493877,VISA,,CREDIT,CLASSIC,"BOC CREDIT CARD (INTERNATIONAL), LTD.",Hong Kong,HK,22.25,114.1667,https://binlists.com/493877
493879,VISA,,DEBIT,CLASSIC,"BOC CREDIT CARD (INTERNATIONAL), LTD.",Hong Kong,HK,22.25,114.1667,https://binlists.com/493879
493880,VISA,,CREDIT,PREMIER,"BOC CREDIT CARD (INTERNATIONAL), LTD.",Hong Kong,HK,22.25,114.1667,https://binlists.com/493880
493881,VISA,,CREDIT,GOLD PREMIUM,"BOC CREDIT CARD (INTERNATIONAL), LTD.",Hong Kong,HK,22.25,114.1667,https://binlists.com/493881
493882,VISA,,,,"BOC CREDIT CARD (INTERNATIONAL), LTD.",Hong Kong,HK,22.25,114.1667,https://binlists.com/493882
493883,VISA,,,,"BOC CREDIT CARD (INTERNATIONAL), LTD.",Hong Kong,HK,22.25,114.1667,https://binlists.com/493883
493884,VISA,,CREDIT,GOLD PREMIUM,"BOC CREDIT CARD (INTERNATIONAL), LTD.",Hong Kong,HK,22.25,114.1667,https://binlists.com/493884
493885,VISA,,,,"BOC CREDIT CARD (INTERNATIONAL), LTD.",Hong Kong,HK,22.25,114.1667,https://binlists.com/493885
493886,VISA,,CREDIT,GOLD PREMIUM,"BOC CREDIT CARD (INTERNATIONAL), LTD.",Hong Kong,HK,22.25,114.1667,https://binlists.com/493886
493887,VISA,,,,"BOC CREDIT CARD (INTERNATIONAL), LTD.",Hong Kong,HK,22.25,114.1667,https://binlists.com/493887
493888,VISA,,,,"BOC CREDIT CARD (INTERNATIONAL), LTD.",Hong Kong,HK,22.25,114.1667,https://binlists.com/493888
493889,VISA,,,,"BOC CREDIT CARD (INTERNATIONAL), LTD.",Hong Kong,HK,22.25,114.1667,https://binlists.com/493889
493890,VISA,,,,"BOC CREDIT CARD (INTERNATIONAL), LTD.",Hong Kong,HK,22.25,114.1667,https://binlists.com/493890
493891,VISA,,CREDIT,GOLD PREMIUM,"BOC CREDIT CARD (INTERNATIONAL), LTD.",Hong Kong,HK,22.25,114.1667,https://binlists.com/493891
493892,VISA,,,,"BOC CREDIT CARD (INTERNATIONAL), LTD.",Hong Kong,HK,22.25,114.1667,https://binlists.com/493892
493893,VISA,,,,"BOC CREDIT CARD (INTERNATIONAL), LTD.",Hong Kong,HK,22.25,114.1667,https://binlists.com/493893
493894,VISA,,,,"BOC CREDIT CARD (INTERNATIONAL), LTD.",Hong Kong,HK,22.25,114.1667,https://binlists.com/493894
493895,VISA,,CREDIT,PREMIER,"BOC CREDIT CARD (INTERNATIONAL), LTD.",Hong Kong,HK,22.25,114.1667,https://binlists.com/493895
493896,VISA,,,,"BOC CREDIT CARD (INTERNATIONAL), LTD.",Hong Kong,HK,22.25,114.1667,https://binlists.com/493896
493897,VISA,,CREDIT,PREMIER,"BOC CREDIT CARD (INTERNATIONAL), LTD.",Hong Kong,HK,22.25,114.1667,https://binlists.com/493897
493899,VISA,,,,"BOC CREDIT CARD (INTERNATIONAL), LTD.",Hong Kong,HK,22.25,114.1667,https://binlists.com/493899
496604,VISA,,CREDIT,PLATINUM,HSBC,Hong Kong,HK,22.25,114.1667,https://binlists.com/496604
496613,VISA,,CREDIT,PREMIER,"HANG SENG BANK, LTD.",Hong Kong,HK,22.25,114.1667,https://binlists.com/496613
496622,VISA,,CREDIT,PREMIER,"FUBON BANK (HONG KONG), LTD.",Hong Kong,HK,22.25,114.1667,https://binlists.com/496622
496657,VISA,,CREDIT,PREMIER,"STANDARD CHARTERED BANK (HONG KONG), LTD.",Hong Kong,HK,22.25,114.1667,https://binlists.com/496657
496673,VISA,,CREDIT,PREMIER,"STANDARD CHARTERED BANK (HONG KONG), LTD.",Hong Kong,HK,22.25,114.1667,https://binlists.com/496673
512036,MASTERCARD,,,,STANDARD CHARTERED BANK,Hong Kong,HK,22.25,114.1667,https://binlists.com/512036
512621,MASTERCARD,,,,"BANK OF EAST ASIA, LTD.",Hong Kong,HK,22.25,114.1667,https://binlists.com/512621
513093,MASTERCARD,,,,"HONGKONG AND SHANGHAI BANKING CORP., LTD.",Hong Kong,HK,22.25,114.1667,https://binlists.com/513093
513434,MASTERCARD,,,,"FUBON BANK (HONG KONG), LTD.",Hong Kong,HK,22.25,114.1667,https://binlists.com/513434
514927,MASTERCARD,,CREDIT,PLATINUM,"DAH SING BANK, LTD.",Hong Kong,HK,22.25,114.1667,https://binlists.com/514927
515654,MASTERCARD,,CREDIT,PLATINUM,"CHONG HING BANK, LTD.",Hong Kong,HK,22.25,114.1667,https://binlists.com/515654
515667,MASTERCARD,,CREDIT,PLATINUM,"WING LUNG BANK, LTD.",Hong Kong,HK,22.25,114.1667,https://binlists.com/515667
515702,MASTERCARD,,CREDIT,BUSINESS,"SHANGHAI COMMERCIAL BANK, LTD.",Hong Kong,HK,22.25,114.1667,https://binlists.com/515702
515708,MASTERCARD,,CREDIT,BUSINESS,"AEON CREDIT SERVICE (ASIA) CO., LTD.",Hong Kong,HK,22.25,114.1667,https://binlists.com/515708
517645,MASTERCARD,,CREDIT,PLATINUM,"CHONG HING BANK, LTD.",Hong Kong,HK,22.25,114.1667,https://binlists.com/517645
517656,MASTERCARD,,CREDIT,GOLD,"CHONG HING BANK, LTD.",Hong Kong,HK,22.25,114.1667,https://binlists.com/517656
517705,MASTERCARD,,CREDIT,,"DAH SING BANK, LTD.",Hong Kong,HK,22.25,114.1667,https://binlists.com/517705
517766,MASTERCARD,,,,"HONGKONG AND SHANGHAI BANKING CORPORATION, LTD.",Hong Kong,HK,22.25,114.1667,https://binlists.com/517766
517774,MASTERCARD,,,,"HANG SENG BANK, LTD.",Hong Kong,HK,22.25,114.1667,https://binlists.com/517774
517791,MASTERCARD,,CREDIT,,"WING HANG BANK, LTD.",Hong Kong,HK,22.25,114.1667,https://binlists.com/517791
517954,MASTERCARD,,CREDIT,PLATINUM,"BOC CREDIT CARD (INTERNATIONAL), LTD.",Hong Kong,HK,22.25,114.1667,https://binlists.com/517954
518161,MASTERCARD,,CREDIT,,"STANDARD CHARTERED BANK (HONG KONG), LTD.",Hong Kong,HK,22.25,114.1667,https://binlists.com/518161
518288,MASTERCARD,,CREDIT,,"DAH SING BANK, LTD.",Hong Kong,HK,22.25,114.1667,https://binlists.com/518288
518293,MASTERCARD,,CREDIT,GOLD,"DAH SING BANK, LTD.",Hong Kong,HK,22.25,114.1667,https://binlists.com/518293
518321,MASTERCARD,,CREDIT,,"DBS BANK (HONG KONG), LTD.",Hong Kong,HK,22.25,114.1667,https://binlists.com/518321
518500,MASTERCARD,,,,"HONGKONG AND SHANGHAI BANKING CORP., LTD.",Hong Kong,HK,22.25,114.1667,https://binlists.com/518500
518502,MASTERCARD,,,,"HONGKONG AND SHANGHAI BANKING CORP., LTD.",Hong Kong,HK,22.25,114.1667,https://binlists.com/518502
518505,MASTERCARD,,,,"HONGKONG AND SHANGHAI BANKING CORP., LTD.",Hong Kong,HK,22.25,114.1667,https://binlists.com/518505
518524,MASTERCARD,,,,"HONGKONG AND SHANGHAI BANKING CORP., LTD.",Hong Kong,HK,22.25,114.1667,https://binlists.com/518524
518537,MASTERCARD,,,,"HONGKONG AND SHANGHAI BANKING CORP., LTD.",Hong Kong,HK,22.25,114.1667,https://binlists.com/518537
518538,MASTERCARD,,,,"HONGKONG AND SHANGHAI BANKING CORP., LTD.",Hong Kong,HK,22.25,114.1667,https://binlists.com/518538
518540,MASTERCARD,,,,"HONGKONG AND SHANGHAI BANKING CORP., LTD.",Hong Kong,HK,22.25,114.1667,https://binlists.com/518540
518542,MASTERCARD,,CREDIT,WORLD CARD,"HONGKONG AND SHANGHAI BANKING CORP., LTD.",Hong Kong,HK,22.25,114.1667,https://binlists.com/518542
518545,MASTERCARD,,,,"HONGKONG AND SHANGHAI BANKING CORP., LTD.",Hong Kong,HK,22.25,114.1667,https://binlists.com/518545
518550,MASTERCARD,,,,"HONGKONG AND SHANGHAI BANKING CORP., LTD.",Hong Kong,HK,22.25,114.1667,https://binlists.com/518550
518551,MASTERCARD,,,,"HONGKONG AND SHANGHAI BANKING CORP., LTD.",Hong Kong,HK,22.25,114.1667,https://binlists.com/518551
518552,MASTERCARD,,,,"HONGKONG AND SHANGHAI BANKING CORP., LTD.",Hong Kong,HK,22.25,114.1667,https://binlists.com/518552
518553,MASTERCARD,,,,"HONGKONG AND SHANGHAI BANKING CORP., LTD.",Hong Kong,HK,22.25,114.1667,https://binlists.com/518553
518554,MASTERCARD,,,,"HONGKONG AND SHANGHAI BANKING CORP., LTD.",Hong Kong,HK,22.25,114.1667,https://binlists.com/518554
518555,MASTERCARD,,,,"HONGKONG AND SHANGHAI BANKING CORP., LTD.",Hong Kong,HK,22.25,114.1667,https://binlists.com/518555
518556,MASTERCARD,,,,"HONGKONG AND SHANGHAI BANKING CORP., LTD.",Hong Kong,HK,22.25,114.1667,https://binlists.com/518556
518557,MASTERCARD,,,,"HONGKONG AND SHANGHAI BANKING CORP., LTD.",Hong Kong,HK,22.25,114.1667,https://binlists.com/518557
518558,MASTERCARD,,,,"HONGKONG AND SHANGHAI BANKING CORP., LTD.",Hong Kong,HK,22.25,114.1667,https://binlists.com/518558
518559,MASTERCARD,,,,"HONGKONG AND SHANGHAI BANKING CORP., LTD.",Hong Kong,HK,22.25,114.1667,https://binlists.com/518559
518560,MASTERCARD,,,,"HONGKONG AND SHANGHAI BANKING CORP., LTD.",Hong Kong,HK,22.25,114.1667,https://binlists.com/518560
518561,MASTERCARD,,,,"HONGKONG AND SHANGHAI BANKING CORP., LTD.",Hong Kong,HK,22.25,114.1667,https://binlists.com/518561
518562,MASTERCARD,,,,"HONGKONG AND SHANGHAI BANKING CORP., LTD.",Hong Kong,HK,22.25,114.1667,https://binlists.com/518562
518563,MASTERCARD,,,,"HONGKONG AND SHANGHAI BANKING CORP., LTD.",Hong Kong,HK,22.25,114.1667,https://binlists.com/518563
518565,MASTERCARD,,,,"HONGKONG AND SHANGHAI BANKING CORP., LTD.",Hong Kong,HK,22.25,114.1667,https://binlists.com/518565
518566,MASTERCARD,,,,"HONGKONG AND SHANGHAI BANKING CORP., LTD.",Hong Kong,HK,22.25,114.1667,https://binlists.com/518566
518567,MASTERCARD,,,,"HONGKONG AND SHANGHAI BANKING CORP., LTD.",Hong Kong,HK,22.25,114.1667,https://binlists.com/518567
518568,MASTERCARD,,,,"HONGKONG AND SHANGHAI BANKING CORP., LTD.",Hong Kong,HK,22.25,114.1667,https://binlists.com/518568
518569,MASTERCARD,,,,"HONGKONG AND SHANGHAI BANKING CORP., LTD.",Hong Kong,HK,22.25,114.1667,https://binlists.com/518569
518570,MASTERCARD,,,,"HONGKONG AND SHANGHAI BANKING CORP., LTD.",Hong Kong,HK,22.25,114.1667,https://binlists.com/518570
518571,MASTERCARD,,,,"HONGKONG AND SHANGHAI BANKING CORP., LTD.",Hong Kong,HK,22.25,114.1667,https://binlists.com/518571
518572,MASTERCARD,,,,"HONGKONG AND SHANGHAI BANKING CORP., LTD.",Hong Kong,HK,22.25,114.1667,https://binlists.com/518572
518573,MASTERCARD,,,,"HONGKONG AND SHANGHAI BANKING CORP., LTD.",Hong Kong,HK,22.25,114.1667,https://binlists.com/518573
518574,MASTERCARD,,,,"HONGKONG AND SHANGHAI BANKING CORP., LTD.",Hong Kong,HK,22.25,114.1667,https://binlists.com/518574
518576,MASTERCARD,,,,"HONGKONG AND SHANGHAI BANKING CORP., LTD.",Hong Kong,HK,22.25,114.1667,https://binlists.com/518576
518577,MASTERCARD,,,,"HONGKONG AND SHANGHAI BANKING CORP., LTD.",Hong Kong,HK,22.25,114.1667,https://binlists.com/518577
518578,MASTERCARD,,,,"HONGKONG AND SHANGHAI BANKING CORP., LTD.",Hong Kong,HK,22.25,114.1667,https://binlists.com/518578
518584,MASTERCARD,,,,"HONGKONG AND SHANGHAI BANKING CORP., LTD.",Hong Kong,HK,22.25,114.1667,https://binlists.com/518584
519329,MASTERCARD,,CREDIT,PLATINUM,"BOC CREDIT CARD (INTERNATIONAL), LTD.",Hong Kong,HK,22.25,114.1667,https://binlists.com/519329
519331,MASTERCARD,,CREDIT,PLATINUM,"FUBON BANK (HONG KONG), LTD.",Hong Kong,HK,22.25,114.1667,https://binlists.com/519331
519505,MASTERCARD,,DEBIT,PREPAID,CITIBANK,Hong Kong,HK,22.25,114.1667,https://binlists.com/519505
519768,MASTERCARD,,,,,Hong Kong,HK,22.25,114.1667,https://binlists.com/519768
520098,MASTERCARD,,CREDIT,GOLD,"AEON CREDIT SERVICE (ASIA) CO., LTD.",Hong Kong,HK,22.25,114.1667,https://binlists.com/520098
520720,MASTERCARD,,,,"ABN AMRO BANK, N.V.",Hong Kong,HK,22.25,114.1667,https://binlists.com/520720
520725,MASTERCARD,,,,STANDARD CHARTERED BANK,Hong Kong,HK,22.25,114.1667,https://binlists.com/520725
521049,MASTERCARD,,CREDIT,,"BOC CREDIT CARD (INTERNATIONAL), LTD.",Hong Kong,HK,22.25,114.1667,https://binlists.com/521049
522216,MASTERCARD,,,,"HONGKONG AND SHANGHAI BANKING CORP., LTD.",Hong Kong,HK,22.25,114.1667,https://binlists.com/522216
522865,MASTERCARD,,CREDIT,WORLD CARD,"BOC CREDIT CARD (INTERNATIONAL), LTD.",Hong Kong,HK,22.25,114.1667,https://binlists.com/522865
522867,MASTERCARD,,CREDIT,WORLD CARD,"BOC CREDIT CARD (INTERNATIONAL), LTD.",Hong Kong,HK,22.25,114.1667,https://binlists.com/522867
522868,MASTERCARD,,,,,Hong Kong,HK,22.25,114.1667,https://binlists.com/522868
523051,MASTERCARD,,,,"SHANGHAI COMMERCIAL BANK, LTD.",Hong Kong,HK,22.25,114.1667,https://binlists.com/523051
523066,MASTERCARD,,,,"SHANGHAI COMMERCIAL BANK, LTD.",Hong Kong,HK,22.25,114.1667,https://binlists.com/523066
523068,MASTERCARD,,,,"SHANGHAI COMMERCIAL BANK, LTD.",Hong Kong,HK,22.25,114.1667,https://binlists.com/523068
523086,MASTERCARD,,,,"SHANGHAI COMMERCIAL BANK, LTD.",Hong Kong,HK,22.25,114.1667,https://binlists.com/523086
523114,MASTERCARD,,,STANDARD,,Hong Kong,HK,22.25,114.1667,https://binlists.com/523114
523967,MASTERCARD,,CREDIT,PLATINUM,"AEON CREDIT SERVICE (ASIA) CO., LTD.",Hong Kong,HK,22.25,114.1667,https://binlists.com/523967
523984,MASTERCARD,,CREDIT,PLATINUM,"BOC CREDIT CARD (INTERNATIONAL), LTD.",Hong Kong,HK,22.25,114.1667,https://binlists.com/523984
523985,MASTERCARD,,CREDIT,PLATINUM,"FUBON BANK (HONG KONG), LTD.",Hong Kong,HK,22.25,114.1667,https://binlists.com/523985
524044,MASTERCARD,,CREDIT,PLATINUM,"INDUSTRIAL AND COMMERCIAL BANK OF CHINA ASIA), LTD.",Hong Kong,HK,22.25,114.1667,https://binlists.com/524044
524113,MASTERCARD,,CREDIT,PLATINUM,"DAH SING BANK, LTD.",Hong Kong,HK,22.25,114.1667,https://binlists.com/524113
524365,MASTERCARD,,CREDIT,PLATINUM,"AEON CREDIT SERVICE (ASIA) CO., LTD.",Hong Kong,HK,22.25,114.1667,https://binlists.com/524365
527338,MASTERCARD,,,,,Hong Kong,HK,22.25,114.1667,https://binlists.com/527338
528487,MASTERCARD,,DEBIT,STANDARD,"BANCO DE ORO UNIBANK, INC.",Hong Kong,HK,22.25,114.1667,https://binlists.com/528487
528619,MASTERCARD,,CREDIT,STANDARD,"HANG SENG BANK, LTD.",Hong Kong,HK,22.25,114.1667,https://binlists.com/528619
529052,MASTERCARD,,,,,Hong Kong,HK,22.25,114.1667,https://binlists.com/529052
529057,MASTERCARD,,,,,Hong Kong,HK,22.25,114.1667,https://binlists.com/529057
529229,MASTERCARD,,,,,Hong Kong,HK,22.25,114.1667,https://binlists.com/529229
530160,MASTERCARD,,CREDIT,STANDARD,"BOC CREDIT CARD (INTERNATIONAL), LTD.",Hong Kong,HK,22.25,114.1667,https://binlists.com/530160
530161,MASTERCARD,,,,"BOC CREDIT CARD (INTERNATIONAL), LTD.",Hong Kong,HK,22.25,114.1667,https://binlists.com/530161
530162,MASTERCARD,,,STANDARD,"BOC CREDIT CARD (INTERNATIONAL), LTD.",Hong Kong,HK,22.25,114.1667,https://binlists.com/530162
530163,MASTERCARD,,,,"BOC CREDIT CARD (INTERNATIONAL), LTD.",Hong Kong,HK,22.25,114.1667,https://binlists.com/530163
530164,MASTERCARD,,,STANDARD,"BOC CREDIT CARD (INTERNATIONAL), LTD.",Hong Kong,HK,22.25,114.1667,https://binlists.com/530164
530165,MASTERCARD,,,,"BOC CREDIT CARD (INTERNATIONAL), LTD.",Hong Kong,HK,22.25,114.1667,https://binlists.com/530165
530166,MASTERCARD,,,STANDARD,"BOC CREDIT CARD (INTERNATIONAL), LTD.",Hong Kong,HK,22.25,114.1667,https://binlists.com/530166
530167,MASTERCARD,,,,"BOC CREDIT CARD (INTERNATIONAL), LTD.",Hong Kong,HK,22.25,114.1667,https://binlists.com/530167
532958,MASTERCARD,,CREDIT,CORPORATE,CITIBANK,Hong Kong,HK,22.25,114.1667,https://binlists.com/532958
532959,MASTERCARD,,CREDIT,STANDARD,,Hong Kong,HK,22.25,114.1667,https://binlists.com/532959
533909,MASTERCARD,,DEBIT,PREPAID,CITIBANK,Hong Kong,HK,22.25,114.1667,https://binlists.com/533909
538420,MASTERCARD,,DEBIT,PREPAID,,Hong Kong,HK,22.25,114.1667,https://binlists.com/538420
538421,MASTERCARD,,,,,Hong Kong,HK,22.25,114.1667,https://binlists.com/538421
538725,MASTERCARD,,,,,Hong Kong,HK,22.25,114.1667,https://binlists.com/538725
538729,MASTERCARD,,,,,Hong Kong,HK,22.25,114.1667,https://binlists.com/538729
540018,MASTERCARD,,CREDIT,GOLD,"HANG SENG BANK, LTD.",Hong Kong,HK,22.25,114.1667,https://binlists.com/540018
540034,MASTERCARD,,CREDIT,PLATINUM,"STANDARD CHARTERED BANK (HONG KONG), LTD.",Hong Kong,HK,22.25,114.1667,https://binlists.com/540034
540116,MASTERCARD,,CREDIT,GOLD,"FUBON BANK (HONG KONG), LTD.",Hong Kong,HK,22.25,114.1667,https://binlists.com/540116
540157,MASTERCARD,,CREDIT,PLATINUM,"STANDARD CHARTERED BANK (HONG KONG), LTD.",Hong Kong,HK,22.25,114.1667,https://binlists.com/540157
540204,MASTERCARD,,CREDIT,STANDARD,"CITIBANK (HONG KONG), LTD.",Hong Kong,HK,22.25,114.1667,https://binlists.com/540204
540274,MASTERCARD,,CREDIT,STANDARD,"WING HANG BANK, LTD.",Hong Kong,HK,22.25,114.1667,https://binlists.com/540274
540290,MASTERCARD,,CREDIT,GOLD,"WING HANG BANK, LTD.",Hong Kong,HK,22.25,114.1667,https://binlists.com/540290
540297,MASTERCARD,,CREDIT,,"BOC CREDIT CARD (INTERNATIONAL), LTD.",Hong Kong,HK,22.25,114.1667,https://binlists.com/540297
540502,MASTERCARD,,CREDIT,CORPORATE PURCHASING,CITIBANK,Hong Kong,HK,22.25,114.1667,https://binlists.com/540502
540701,MASTERCARD,,CREDIT,PLATINUM,"BOC CREDIT CARD (INTERNATIONAL), LTD.",Hong Kong,HK,22.25,114.1667,https://binlists.com/540701
540767,MASTERCARD,,,,MASON STATE BANK,Hong Kong,HK,22.25,114.1667,https://binlists.com/540767
540795,MASTERCARD,,CREDIT,PLATINUM,"DAH SING BANK, LTD.",Hong Kong,HK,22.25,114.1667,https://binlists.com/540795
540804,MASTERCARD,,CREDIT,PLATINUM,"DBS BANK (HONG KONG), LTD.",Hong Kong,HK,22.25,114.1667,https://binlists.com/540804
540806,MASTERCARD,,CREDIT,,"HANG SENG BANK, LTD.",Hong Kong,HK,22.25,114.1667,https://binlists.com/540806
540820,MASTERCARD,,CREDIT,GOLD,"BANK OF EAST ASIA, LTD.",Hong Kong,HK,22.25,114.1667,https://binlists.com/540820
540825,MASTERCARD,,CREDIT,PLATINUM,"DBS BANK (HONG KONG), LTD.",Hong Kong,HK,22.25,114.1667,https://binlists.com/540825
540838,MASTERCARD,,CREDIT,STANDARD,"BOC CREDIT CARD (INTERNATIONAL), LTD.",Hong Kong,HK,22.25,114.1667,https://binlists.com/540838
540954,MASTERCARD,,CREDIT,GOLD,"CITIC BANK INTERNATIONAL, LTD.",Hong Kong,HK,22.25,114.1667,https://binlists.com/540954
541068,MASTERCARD,,CREDIT,PLATINUM,"BOC CREDIT CARD (INTERNATIONAL), LTD.",Hong Kong,HK,22.25,114.1667,https://binlists.com/541068
541096,MASTERCARD,,CREDIT,STANDARD,"CITIBANK (HONG KONG), LTD.",Hong Kong,HK,22.25,114.1667,https://binlists.com/541096
541180,MASTERCARD,,CREDIT,WORLD CARD,"HONGKONG AND SHANGHAI BANKING CORP., LTD.",Hong Kong,HK,22.25,114.1667,https://binlists.com/541180
541186,MASTERCARD,,CREDIT,,"AEON CREDIT SERVICE (ASIA) CO., LTD.",Hong Kong,HK,22.25,114.1667,https://binlists.com/541186
541442,MASTERCARD,,CREDIT,STANDARD,"SHANGHAI COMMERCIAL BANK, LTD.",Hong Kong,HK,22.25,114.1667,https://binlists.com/541442
541492,MASTERCARD,,,,"BOC CREDIT CARD (INTERNATIONAL), LTD.",Hong Kong,HK,22.25,114.1667,https://binlists.com/541492
541501,MASTERCARD,,,,"BOC CREDIT CARD (INTERNATIONAL), LTD.",Hong Kong,HK,22.25,114.1667,https://binlists.com/541501
541518,MASTERCARD,,,,"BC CARD CO., LTD.",Hong Kong,HK,22.25,114.1667,https://binlists.com/541518
541522,MASTERCARD,,,,"BC CARD CO., LTD.",Hong Kong,HK,22.25,114.1667,https://binlists.com/541522
541533,MASTERCARD,,,,"BOC CREDIT CARD (INTERNATIONAL), LTD.",Hong Kong,HK,22.25,114.1667,https://binlists.com/541533
541579,MASTERCARD,,,,"CITIBANK, N.A. HONGKONG",Hong Kong,HK,22.25,114.1667,https://binlists.com/541579
541608,MASTERCARD,,,,"CITIBANK, N.A. HONGKONG",Hong Kong,HK,22.25,114.1667,https://binlists.com/541608
541652,MASTERCARD,,,,"CHEKIANG FIRST BANK, LTD.",Hong Kong,HK,22.25,114.1667,https://binlists.com/541652
541682,MASTERCARD,,,,"BOC CREDIT CARD (INTERNATIONAL), LTD.",Hong Kong,HK,22.25,114.1667,https://binlists.com/541682
541736,MASTERCARD,,CREDIT,STANDARD,"AEON CREDIT SERVICE (ASIA) CO., LTD.",Hong Kong,HK,22.25,114.1667,https://binlists.com/541736
541737,MASTERCARD,,CREDIT,,"STANDARD CHARTERED BANK (HONG KONG), LTD.",Hong Kong,HK,22.25,114.1667,https://binlists.com/541737
541801,MASTERCARD,,CREDIT,GOLD,"INDUSTRIAL AND COMMERCIAL BANK OF CHINA ASIA), LTD.",Hong Kong,HK,22.25,114.1667,https://binlists.com/541801
541810,MASTERCARD,,CREDIT,,"INDUSTRIAL AND COMMERCIAL BANK OF CHINA ASIA), LTD.",Hong Kong,HK,22.25,114.1667,https://binlists.com/541810
541819,MASTERCARD,,CREDIT,PLATINUM,"DBS BANK (HONG KONG), LTD.",Hong Kong,HK,22.25,114.1667,https://binlists.com/541819
541938,MASTERCARD,,CREDIT,,"FUBON BANK (HONG KONG), LTD.",Hong Kong,HK,22.25,114.1667,https://binlists.com/541938
541939,MASTERCARD,,CREDIT,,"HANG SENG BANK, LTD.",Hong Kong,HK,22.25,114.1667,https://binlists.com/541939
541982,MASTERCARD,,CREDIT,,"BANK OF EAST ASIA, LTD.",Hong Kong,HK,22.25,114.1667,https://binlists.com/541982
542288,MASTERCARD,,CREDIT,,"CITIC BANK INTERNATIONAL, LTD.",Hong Kong,HK,22.25,114.1667,https://binlists.com/542288
542479,MASTERCARD,,CREDIT,STANDARD,"STANDARD CHARTERED BANK (HONG KONG), LTD.",Hong Kong,HK,22.25,114.1667,https://binlists.com/542479
542653,MASTERCARD,,,,HONGKONG AND SHANGHAI BANKING CORPORATION LIMITED,Hong Kong,HK,22.25,114.1667,https://binlists.com/542653
542713,MASTERCARD,,CREDIT,,"CITIBANK (HONG KONG), LTD.",Hong Kong,HK,22.25,114.1667,https://binlists.com/542713
542715,MASTERCARD,,CREDIT,GOLD,"CITIBANK (HONG KONG), LTD.",Hong Kong,HK,22.25,114.1667,https://binlists.com/542715
542860,MASTERCARD,,,,"MBF CARD INTERNATIONAL, LTD.",Hong Kong,HK,22.25,114.1667,https://binlists.com/542860
543122,MASTERCARD,,CREDIT,GOLD,"HONGKONG AND SHANGHAI BANKING CORP., LTD.",Hong Kong,HK,22.25,114.1667,https://binlists.com/543122
543452,MASTERCARD,,,,"BOC CREDIT CARD (INTERNATIONAL), LTD.",Hong Kong,HK,22.25,114.1667,https://binlists.com/543452
543536,MASTERCARD,,,,KOREA FINANCIAL TELECOMMUNICATIONS AND CLEARINGS,Hong Kong,HK,22.25,114.1667,https://binlists.com/543536
543736,MASTERCARD,,CREDIT,STANDARD,"DAH SING BANK, LTD.",Hong Kong,HK,22.25,114.1667,https://binlists.com/543736
544023,MASTERCARD,,,,"BOC CREDIT CARD (INTERNATIONAL), LTD.",Hong Kong,HK,22.25,114.1667,https://binlists.com/544023
544100,MASTERCARD,,CREDIT,PLATINUM,"BOC CREDIT CARD (INTERNATIONAL), LTD.",Hong Kong,HK,22.25,114.1667,https://binlists.com/544100
544101,MASTERCARD,,,STANDARD,"BOC CREDIT CARD (INTERNATIONAL), LTD.",Hong Kong,HK,22.25,114.1667,https://binlists.com/544101
544102,MASTERCARD,,,,"BOC CREDIT CARD (INTERNATIONAL), LTD.",Hong Kong,HK,22.25,114.1667,https://binlists.com/544102
544103,MASTERCARD,,,STANDARD,"BOC CREDIT CARD (INTERNATIONAL), LTD.",Hong Kong,HK,22.25,114.1667,https://binlists.com/544103
544104,MASTERCARD,,,,"BOC CREDIT CARD (INTERNATIONAL), LTD.",Hong Kong,HK,22.25,114.1667,https://binlists.com/544104
544105,MASTERCARD,,,,"BOC CREDIT CARD (INTERNATIONAL), LTD.",Hong Kong,HK,22.25,114.1667,https://binlists.com/544105
544106,MASTERCARD,,,STANDARD,"BOC CREDIT CARD (INTERNATIONAL), LTD.",Hong Kong,HK,22.25,114.1667,https://binlists.com/544106
544108,MASTERCARD,,CREDIT,PLATINUM,"BOC CREDIT CARD (INTERNATIONAL), LTD.",Hong Kong,HK,22.25,114.1667,https://binlists.com/544108
544159,MASTERCARD,,CREDIT,,"AEON CREDIT SERVICE (ASIA) CO., LTD.",Hong Kong,HK,22.25,114.1667,https://binlists.com/544159
544339,MASTERCARD,,,,CITIBANK,Hong Kong,HK,22.25,114.1667,https://binlists.com/544339
544659,MASTERCARD,,,,STANDARD CHARTERED BANK,Hong Kong,HK,22.25,114.1667,https://binlists.com/544659
544729,MASTERCARD,,,,STANDARD CHARTERED BANK,Hong Kong,HK,22.25,114.1667,https://binlists.com/544729
544742,MASTERCARD,,,,"DAO HENG BANK, LTD.",Hong Kong,HK,22.25,114.1667,https://binlists.com/544742
544774,MASTERCARD,,,,"DAO HENG BANK, LTD.",Hong Kong,HK,22.25,114.1667,https://binlists.com/544774
545229,MASTERCARD,,CREDIT,WORLD CARD,"BANK OF EAST ASIA, LTD.",Hong Kong,HK,22.25,114.1667,https://binlists.com/545229
545246,MASTERCARD,,,,"HANG SENG BANK, LTD.",Hong Kong,HK,22.25,114.1667,https://binlists.com/545246
545367,MASTERCARD,,CREDIT,,"DAH SING BANK, LTD.",Hong Kong,HK,22.25,114.1667,https://binlists.com/545367
545544,MASTERCARD,,,,"BANK OF EAST ASIA, LTD.",Hong Kong,HK,22.25,114.1667,https://binlists.com/545544
546620,MASTERCARD,,CREDIT,WORLD CARD,"SHANGHAI COMMERCIAL BANK, LTD.",Hong Kong,HK,22.25,114.1667,https://binlists.com/546620
546712,MASTERCARD,,CREDIT,GOLD,"WING LUNG BANK, LTD.",Hong Kong,HK,22.25,114.1667,https://binlists.com/546712
546738,MASTERCARD,,CREDIT,,"WING LUNG BANK, LTD.",Hong Kong,HK,22.25,114.1667,https://binlists.com/546738
546810,MASTERCARD,,CREDIT,,"DAH SING BANK, LTD.",Hong Kong,HK,22.25,114.1667,https://binlists.com/546810
547420,MASTERCARD,,CREDIT,BUSINESS,"BOC CREDIT CARD (INTERNATIONAL), LTD.",Hong Kong,HK,22.25,114.1667,https://binlists.com/547420
547628,MASTERCARD,,CREDIT,BUSINESS,"BOC CREDIT CARD (INTERNATIONAL), LTD.",Hong Kong,HK,22.25,114.1667,https://binlists.com/547628
547648,MASTERCARD,,CREDIT,BUSINESS,"BOC CREDIT CARD (INTERNATIONAL), LTD.",Hong Kong,HK,22.25,114.1667,https://binlists.com/547648
548130,MASTERCARD,,,,BELGIAN BANK,Hong Kong,HK,22.25,114.1667,https://binlists.com/548130
548803,MASTERCARD,,CREDIT,,"STANDARD CHARTERED BANK (HONG KONG), LTD.",Hong Kong,HK,22.25,114.1667,https://binlists.com/548803
548817,MASTERCARD,,,,"HONGKONG AND SHANGHAI BANKING CORP., LTD.",Hong Kong,HK,22.25,114.1667,https://binlists.com/548817
548829,MASTERCARD,,CREDIT,PLATINUM,"SHANGHAI COMMERCIAL BANK, LTD.",Hong Kong,HK,22.25,114.1667,https://binlists.com/548829
548830,MASTERCARD,,CREDIT,PLATINUM,"STANDARD CHARTERED BANK (HONG KONG), LTD.",Hong Kong,HK,22.25,114.1667,https://binlists.com/548830
548875,MASTERCARD,,CREDIT,,"DAH SING BANK, LTD.",Hong Kong,HK,22.25,114.1667,https://binlists.com/548875
549719,MASTERCARD,,,,"FIRST PACIFIC BANK, LTD.",Hong Kong,HK,22.25,114.1667,https://binlists.com/549719
549720,MASTERCARD,,,,"FIRST PACIFIC BANK, LTD.",Hong Kong,HK,22.25,114.1667,https://binlists.com/549720
549971,MASTERCARD,,,,"DAO HENG BANK, LTD.",Hong Kong,HK,22.25,114.1667,https://binlists.com/549971
550436,MASTERCARD,,,,"HANG SENG BANK, LTD.",Hong Kong,HK,22.25,114.1667,https://binlists.com/550436
552004,MASTERCARD,,CREDIT,PLATINUM,"CITIBANK (HONG KONG), LTD.",Hong Kong,HK,22.25,114.1667,https://binlists.com/552004
552015,MASTERCARD,,CREDIT,PLATINUM,"BOC CREDIT CARD (INTERNATIONAL), LTD.",Hong Kong,HK,22.25,114.1667,https://binlists.com/552015
552016,MASTERCARD,,,,"BOC CREDIT CARD (INTERNATIONAL), LTD.",Hong Kong,HK,22.25,114.1667,https://binlists.com/552016
552018,MASTERCARD,,CREDIT,PLATINUM,"BOC CREDIT CARD (INTERNATIONAL), LTD.",Hong Kong,HK,22.25,114.1667,https://binlists.com/552018
552019,MASTERCARD,,,,"BOC CREDIT CARD (INTERNATIONAL), LTD.",Hong Kong,HK,22.25,114.1667,https://binlists.com/552019
552020,MASTERCARD,,,,"BOC CREDIT CARD (INTERNATIONAL), LTD.",Hong Kong,HK,22.25,114.1667,https://binlists.com/552020
552021,MASTERCARD,,,,"BOC CREDIT CARD (INTERNATIONAL), LTD.",Hong Kong,HK,22.25,114.1667,https://binlists.com/552021
552022,MASTERCARD,,,,"BOC CREDIT CARD (INTERNATIONAL), LTD.",Hong Kong,HK,22.25,114.1667,https://binlists.com/552022
552023,MASTERCARD,,,,"BOC CREDIT CARD (INTERNATIONAL), LTD.",Hong Kong,HK,22.25,114.1667,https://binlists.com/552023
552024,MASTERCARD,,,,"BOC CREDIT CARD (INTERNATIONAL), LTD.",Hong Kong,HK,22.25,114.1667,https://binlists.com/552024
552025,MASTERCARD,,,,"BOC CREDIT CARD (INTERNATIONAL), LTD.",Hong Kong,HK,22.25,114.1667,https://binlists.com/552025
552026,MASTERCARD,,,,"BOC CREDIT CARD (INTERNATIONAL), LTD.",Hong Kong,HK,22.25,114.1667,https://binlists.com/552026
552027,MASTERCARD,,,,"BOC CREDIT CARD (INTERNATIONAL), LTD.",Hong Kong,HK,22.25,114.1667,https://binlists.com/552027
552035,MASTERCARD,,,,"BOC CREDIT CARD (INTERNATIONAL), LTD.",Hong Kong,HK,22.25,114.1667,https://binlists.com/552035
552037,MASTERCARD,,CREDIT,PLATINUM,"HANG SENG BANK, LTD.",Hong Kong,HK,22.25,114.1667,https://binlists.com/552037
552083,MASTERCARD,,CREDIT,PLATINUM,"STANDARD CHARTERED BANK (HONG KONG), LTD.",Hong Kong,HK,22.25,114.1667,https://binlists.com/552083
552100,MASTERCARD,,CREDIT,PLATINUM,"DAH SING BANK, LTD.",Hong Kong,HK,22.25,114.1667,https://binlists.com/552100
552118,MASTERCARD,,CREDIT,PLATINUM,"SHANGHAI COMMERCIAL BANK, LTD.",Hong Kong,HK,22.25,114.1667,https://binlists.com/552118
552135,MASTERCARD,,CREDIT,PLATINUM,"WING HANG BANK, LTD.",Hong Kong,HK,22.25,114.1667,https://binlists.com/552135
552168,MASTERCARD,,CREDIT,PLATINUM,"STANDARD CHARTERED BANK (HONG KONG), LTD.",Hong Kong,HK,22.25,114.1667,https://binlists.com/552168
552268,MASTERCARD,,CREDIT,WORLD CARD,"HANG SENG BANK, LTD.",Hong Kong,HK,22.25,114.1667,https://binlists.com/552268
552343,MASTERCARD,,CREDIT,WORLD CARD,"STANDARD CHARTERED BANK (HONG KONG), LTD.",Hong Kong,HK,22.25,114.1667,https://binlists.com/552343
552415,MASTERCARD,,,,,Hong Kong,HK,22.25,114.1667,https://binlists.com/552415
552539,MASTERCARD,,CREDIT,BUSINESS,"BOC CREDIT CARD (INTERNATIONAL), LTD.",Hong Kong,HK,22.25,114.1667,https://binlists.com/552539
552580,MASTERCARD,,CREDIT,CORPORATE,"DAH SING BANK, LTD.",Hong Kong,HK,22.25,114.1667,https://binlists.com/552580
552814,MASTERCARD,,CREDIT,CORPORATE,"INDUSTRIAL AND COMMERCIAL BANK OF CHINA ASIA), LTD.",Hong Kong,HK,22.25,114.1667,https://binlists.com/552814
552926,MASTERCARD,,CREDIT,CORPORATE PURCHASING,CITIBANK,Hong Kong,HK,22.25,114.1667,https://binlists.com/552926
553101,MASTERCARD,,CREDIT,BUSINESS,"BANK OF EAST ASIA, LTD.",Hong Kong,HK,22.25,114.1667,https://binlists.com/553101
553114,MASTERCARD,,CREDIT,BUSINESS,"DAH SING BANK, LTD.",Hong Kong,HK,22.25,114.1667,https://binlists.com/553114
553135,MASTERCARD,,CREDIT,BUSINESS,"WING LUNG BANK, LTD.",Hong Kong,HK,22.25,114.1667,https://binlists.com/553135
553157,MASTERCARD,,CREDIT,BUSINESS,"WING LUNG BANK, LTD.",Hong Kong,HK,22.25,114.1667,https://binlists.com/553157
553384,MASTERCARD,,CREDIT,CORPORATE,CITIBANK,Hong Kong,HK,22.25,114.1667,https://binlists.com/553384
553398,MASTERCARD,,CREDIT,BUSINESS,"STANDARD CHARTERED BANK (HONG KONG), LTD.",Hong Kong,HK,22.25,114.1667,https://binlists.com/553398
554487,MASTERCARD,,CREDIT,PLATINUM,"BANK OF EAST ASIA, LTD.",Hong Kong,HK,22.25,114.1667,https://binlists.com/554487
554639,MASTERCARD,,CREDIT,GOLD,"CHINA CONSTRUCTION BANK (ASIA) CORP., LTD.",Hong Kong,HK,22.25,114.1667,https://binlists.com/554639
554675,MASTERCARD,,,,"SHANGHAI COMMERCIAL BANK, LTD.",Hong Kong,HK,22.25,114.1667,https://binlists.com/554675
554693,MASTERCARD,,,,"SHANGHAI COMMERCIAL BANK, LTD.",Hong Kong,HK,22.25,114.1667,https://binlists.com/554693
554724,MASTERCARD,,CREDIT,PLATINUM,"CHINA CONSTRUCTION BANK (ASIA) CORP., LTD.",Hong Kong,HK,22.25,114.1667,https://binlists.com/554724
555020,MASTERCARD,,CREDIT,CORPORATE PURCHASING,"DAH SING BANK, LTD.",Hong Kong,HK,22.25,114.1667,https://binlists.com/555020
555039,MASTERCARD,,CREDIT,BUSINESS,"BOC CREDIT CARD (INTERNATIONAL), LTD.",Hong Kong,HK,22.25,114.1667,https://binlists.com/555039
555042,MASTERCARD,,CREDIT,CORPORATE PURCHASING,"DAH SING BANK, LTD.",Hong Kong,HK,22.25,114.1667,https://binlists.com/555042
555168,MASTERCARD,,,,,Hong Kong,HK,22.25,114.1667,https://binlists.com/555168
556624,MASTERCARD,,,,,Hong Kong,HK,22.25,114.1667,https://binlists.com/556624
556680,MASTERCARD,,CREDIT,CORPORATE,CITIBANK,Hong Kong,HK,22.25,114.1667,https://binlists.com/556680
558417,MASTERCARD,,CREDIT,BUSINESS,"BOC CREDIT CARD (INTERNATIONAL), LTD.",Hong Kong,HK,22.25,114.1667,https://binlists.com/558417
558421,MASTERCARD,,CREDIT,BUSINESS,"CITIC BANK INTERNATIONAL, LTD.",Hong Kong,HK,22.25,114.1667,https://binlists.com/558421
558427,MASTERCARD,,CREDIT,BUSINESS,"HANG SENG BANK, LTD.",Hong Kong,HK,22.25,114.1667,https://binlists.com/558427
558803,MASTERCARD,,CREDIT,BUSINESS,"HANG SENG BANK, LTD.",Hong Kong,HK,22.25,114.1667,https://binlists.com/558803
558808,MASTERCARD,,CREDIT,BUSINESS,"BOC CREDIT CARD (INTERNATIONAL), LTD.",Hong Kong,HK,22.25,114.1667,https://binlists.com/558808
558809,MASTERCARD,,,,"BOC CREDIT CARD (INTERNATIONAL), LTD.",Hong Kong,HK,22.25,114.1667,https://binlists.com/558809
558823,MASTERCARD,,,,"BOC CREDIT CARD (INTERNATIONAL), LTD.",Hong Kong,HK,22.25,114.1667,https://binlists.com/558823
558824,MASTERCARD,,,,"BOC CREDIT CARD (INTERNATIONAL), LTD.",Hong Kong,HK,22.25,114.1667,https://binlists.com/558824
558825,MASTERCARD,,CREDIT,WORLD FOR BUSINESS,"WING LUNG BANK, LTD.",Hong Kong,HK,22.25,114.1667,https://binlists.com/558825
558826,MASTERCARD,,,,"BOC CREDIT CARD (INTERNATIONAL), LTD.",Hong Kong,HK,22.25,114.1667,https://binlists.com/558826
559318,MASTERCARD,,,,,Hong Kong,HK,22.25,114.1667,https://binlists.com/559318
589222,MAESTRO,,DEBIT,,,Hong Kong,HK,22.25,114.1667,https://binlists.com/589222
589452,MAESTRO,,DEBIT,,,Hong Kong,HK,22.25,114.1667,https://binlists.com/589452
589902,MAESTRO,,DEBIT,,,Hong Kong,HK,22.25,114.1667,https://binlists.com/589902
622226,CHINA UNION PAY,,DEBIT,,BANK OF COMMUNICATIONS PACIFIC,Hong Kong,HK,22.25,114.1667,https://binlists.com/622226
622252,CHINA UNION PAY,,CREDIT,,BANK OF COMMUNICATIONS/HSBC,Hong Kong,HK,22.25,114.1667,https://binlists.com/622252
622372,CHINA UNION PAY,,CREDIT,PLATINUM,BANK OF EAST ASIA,Hong Kong,HK,22.25,114.1667,https://binlists.com/622372
622381,CHINA UNION PAY,,CREDIT,,CCB (ASIA) CUP,Hong Kong,HK,22.25,114.1667,https://binlists.com/622381
625040,CHINA UNION PAY,,CREDIT,,BOC CUP,Hong Kong,HK,22.25,114.1667,https://binlists.com/625040
625041,CHINA UNION PAY,,CREDIT,,BOC CUP,Hong Kong,HK,22.25,114.1667,https://binlists.com/625041
666000,MAESTRO,,DEBIT,ATM ONLY,"CITIBANK (HONG KONG), LTD.",Hong Kong,HK,22.25,114.1667,https://binlists.com/666000
666001,MAESTRO,,DEBIT,ATM ONLY,"CITIBANK (HONG KONG), LTD.",Hong Kong,HK,22.25,114.1667,https://binlists.com/666001
666002,MAESTRO,,DEBIT,ATM ONLY,"CITIBANK (HONG KONG), LTD.",Hong Kong,HK,22.25,114.1667,https://binlists.com/666002
666003,MAESTRO,,DEBIT,ATM ONLY,"CITIBANK (HONG KONG), LTD.",Hong Kong,HK,22.25,114.1667,https://binlists.com/666003
666004,MAESTRO,,DEBIT,ATM ONLY,"CITIBANK (HONG KONG), LTD.",Hong Kong,HK,22.25,114.1667,https://binlists.com/666004
666005,MAESTRO,,DEBIT,ATM ONLY,"CITIBANK (HONG KONG), LTD.",Hong Kong,HK,22.25,114.1667,https://binlists.com/666005
666007,MAESTRO,,DEBIT,ATM ONLY,"CITIBANK (HONG KONG), LTD.",Hong Kong,HK,22.25,114.1667,https://binlists.com/666007
666008,MAESTRO,,DEBIT,ATM ONLY,"CITIBANK (HONG KONG), LTD.",Hong Kong,HK,22.25,114.1667,https://binlists.com/666008
666009,MAESTRO,,DEBIT,ATM ONLY,"CITIBANK (HONG KONG), LTD.",Hong Kong,HK,22.25,114.1667,https://binlists.com/666009
666010,MAESTRO,,DEBIT,ATM ONLY,"CITIBANK (HONG KONG), LTD.",Hong Kong,HK,22.25,114.1667,https://binlists.com/666010
666011,MAESTRO,,DEBIT,ATM ONLY,"CITIBANK (HONG KONG), LTD.",Hong Kong,HK,22.25,114.1667,https://binlists.com/666011
666012,MAESTRO,,DEBIT,ATM ONLY,"CITIBANK (HONG KONG), LTD.",Hong Kong,HK,22.25,114.1667,https://binlists.com/666012
666013,MAESTRO,,DEBIT,ATM ONLY,"CITIBANK (HONG KONG), LTD.",Hong Kong,HK,22.25,114.1667,https://binlists.com/666013
666014,MAESTRO,,DEBIT,ATM ONLY,"CITIBANK (HONG KONG), LTD.",Hong Kong,HK,22.25,114.1667,https://binlists.com/666014
666015,MAESTRO,,DEBIT,ATM ONLY,"CITIBANK (HONG KONG), LTD.",Hong Kong,HK,22.25,114.1667,https://binlists.com/666015
666016,MAESTRO,,DEBIT,ATM ONLY,"CITIBANK (HONG KONG), LTD.",Hong Kong,HK,22.25,114.1667,https://binlists.com/666016
666017,MAESTRO,,DEBIT,ATM ONLY,"CITIBANK (HONG KONG), LTD.",Hong Kong,HK,22.25,114.1667,https://binlists.com/666017
666018,MAESTRO,,DEBIT,ATM ONLY,"CITIBANK (HONG KONG), LTD.",Hong Kong,HK,22.25,114.1667,https://binlists.com/666018
666019,MAESTRO,,DEBIT,ATM ONLY,"CITIBANK (HONG KONG), LTD.",Hong Kong,HK,22.25,114.1667,https://binlists.com/666019
666020,MAESTRO,,DEBIT,ATM ONLY,"CITIBANK (HONG KONG), LTD.",Hong Kong,HK,22.25,114.1667,https://binlists.com/666020
666021,MAESTRO,,DEBIT,ATM ONLY,"CITIBANK (HONG KONG), LTD.",Hong Kong,HK,22.25,114.1667,https://binlists.com/666021
666022,MAESTRO,,DEBIT,ATM ONLY,"CITIBANK (HONG KONG), LTD.",Hong Kong,HK,22.25,114.1667,https://binlists.com/666022
666023,MAESTRO,,DEBIT,ATM ONLY,"CITIBANK (HONG KONG), LTD.",Hong Kong,HK,22.25,114.1667,https://binlists.com/666023
666024,MAESTRO,,DEBIT,ATM ONLY,"CITIBANK (HONG KONG), LTD.",Hong Kong,HK,22.25,114.1667,https://binlists.com/666024
666025,MAESTRO,,DEBIT,ATM ONLY,"CITIBANK (HONG KONG), LTD.",Hong Kong,HK,22.25,114.1667,https://binlists.com/666025
666026,MAESTRO,,DEBIT,ATM ONLY,"CITIBANK (HONG KONG), LTD.",Hong Kong,HK,22.25,114.1667,https://binlists.com/666026
666027,MAESTRO,,DEBIT,ATM ONLY,"CITIBANK (HONG KONG), LTD.",Hong Kong,HK,22.25,114.1667,https://binlists.com/666027
666028,MAESTRO,,DEBIT,ATM ONLY,"CITIBANK (HONG KONG), LTD.",Hong Kong,HK,22.25,114.1667,https://binlists.com/666028
666029,MAESTRO,,DEBIT,ATM ONLY,"CITIBANK (HONG KONG), LTD.",Hong Kong,HK,22.25,114.1667,https://binlists.com/666029
666030,MAESTRO,,DEBIT,ATM ONLY,"CITIBANK (HONG KONG), LTD.",Hong Kong,HK,22.25,114.1667,https://binlists.com/666030
666031,MAESTRO,,DEBIT,ATM ONLY,"CITIBANK (HONG KONG), LTD.",Hong Kong,HK,22.25,114.1667,https://binlists.com/666031
666032,MAESTRO,,DEBIT,ATM ONLY,"CITIBANK (HONG KONG), LTD.",Hong Kong,HK,22.25,114.1667,https://binlists.com/666032
666033,MAESTRO,,DEBIT,ATM ONLY,"CITIBANK (HONG KONG), LTD.",Hong Kong,HK,22.25,114.1667,https://binlists.com/666033
666034,MAESTRO,,DEBIT,ATM ONLY,"CITIBANK (HONG KONG), LTD.",Hong Kong,HK,22.25,114.1667,https://binlists.com/666034
666035,MAESTRO,,DEBIT,ATM ONLY,"CITIBANK (HONG KONG), LTD.",Hong Kong,HK,22.25,114.1667,https://binlists.com/666035
666036,MAESTRO,,DEBIT,ATM ONLY,"CITIBANK (HONG KONG), LTD.",Hong Kong,HK,22.25,114.1667,https://binlists.com/666036
666037,MAESTRO,,DEBIT,ATM ONLY,"CITIBANK (HONG KONG), LTD.",Hong Kong,HK,22.25,114.1667,https://binlists.com/666037
666038,MAESTRO,,DEBIT,ATM ONLY,"CITIBANK (HONG KONG), LTD.",Hong Kong,HK,22.25,114.1667,https://binlists.com/666038
666039,MAESTRO,,DEBIT,ATM ONLY,"CITIBANK (HONG KONG), LTD.",Hong Kong,HK,22.25,114.1667,https://binlists.com/666039
666040,MAESTRO,,DEBIT,ATM ONLY,"CITIBANK (HONG KONG), LTD.",Hong Kong,HK,22.25,114.1667,https://binlists.com/666040
666041,MAESTRO,,DEBIT,ATM ONLY,"CITIBANK (HONG KONG), LTD.",Hong Kong,HK,22.25,114.1667,https://binlists.com/666041
666042,MAESTRO,,DEBIT,ATM ONLY,"CITIBANK (HONG KONG), LTD.",Hong Kong,HK,22.25,114.1667,https://binlists.com/666042
666043,MAESTRO,,DEBIT,ATM ONLY,"CITIBANK (HONG KONG), LTD.",Hong Kong,HK,22.25,114.1667,https://binlists.com/666043
666044,MAESTRO,,DEBIT,ATM ONLY,"CITIBANK (HONG KONG), LTD.",Hong Kong,HK,22.25,114.1667,https://binlists.com/666044
666045,MAESTRO,,DEBIT,ATM ONLY,"CITIBANK (HONG KONG), LTD.",Hong Kong,HK,22.25,114.1667,https://binlists.com/666045
666046,MAESTRO,,DEBIT,ATM ONLY,"CITIBANK (HONG KONG), LTD.",Hong Kong,HK,22.25,114.1667,https://binlists.com/666046
666047,MAESTRO,,DEBIT,ATM ONLY,"CITIBANK (HONG KONG), LTD.",Hong Kong,HK,22.25,114.1667,https://binlists.com/666047
666048,MAESTRO,,DEBIT,ATM ONLY,"CITIBANK (HONG KONG), LTD.",Hong Kong,HK,22.25,114.1667,https://binlists.com/666048
666049,MAESTRO,,DEBIT,ATM ONLY,"CITIBANK (HONG KONG), LTD.",Hong Kong,HK,22.25,114.1667,https://binlists.com/666049
666050,MAESTRO,,DEBIT,ATM ONLY,"CITIBANK (HONG KONG), LTD.",Hong Kong,HK,22.25,114.1667,https://binlists.com/666050
666051,MAESTRO,,DEBIT,ATM ONLY,"CITIBANK (HONG KONG), LTD.",Hong Kong,HK,22.25,114.1667,https://binlists.com/666051
666052,MAESTRO,,DEBIT,ATM ONLY,"CITIBANK (HONG KONG), LTD.",Hong Kong,HK,22.25,114.1667,https://binlists.com/666052
666053,MAESTRO,,DEBIT,ATM ONLY,"CITIBANK (HONG KONG), LTD.",Hong Kong,HK,22.25,114.1667,https://binlists.com/666053
666054,MAESTRO,,DEBIT,ATM ONLY,"CITIBANK (HONG KONG), LTD.",Hong Kong,HK,22.25,114.1667,https://binlists.com/666054
666055,MAESTRO,,DEBIT,ATM ONLY,"CITIBANK (HONG KONG), LTD.",Hong Kong,HK,22.25,114.1667,https://binlists.com/666055
666056,MAESTRO,,DEBIT,ATM ONLY,"CITIBANK (HONG KONG), LTD.",Hong Kong,HK,22.25,114.1667,https://binlists.com/666056
666057,MAESTRO,,DEBIT,ATM ONLY,"CITIBANK (HONG KONG), LTD.",Hong Kong,HK,22.25,114.1667,https://binlists.com/666057
666058,MAESTRO,,DEBIT,ATM ONLY,"CITIBANK (HONG KONG), LTD.",Hong Kong,HK,22.25,114.1667,https://binlists.com/666058
666059,MAESTRO,,DEBIT,ATM ONLY,"CITIBANK (HONG KONG), LTD.",Hong Kong,HK,22.25,114.1667,https://binlists.com/666059
666060,MAESTRO,,DEBIT,ATM ONLY,"CITIBANK (HONG KONG), LTD.",Hong Kong,HK,22.25,114.1667,https://binlists.com/666060
666061,MAESTRO,,DEBIT,ATM ONLY,"CITIBANK (HONG KONG), LTD.",Hong Kong,HK,22.25,114.1667,https://binlists.com/666061
666062,MAESTRO,,DEBIT,ATM ONLY,"CITIBANK (HONG KONG), LTD.",Hong Kong,HK,22.25,114.1667,https://binlists.com/666062
666063,MAESTRO,,DEBIT,ATM ONLY,"CITIBANK (HONG KONG), LTD.",Hong Kong,HK,22.25,114.1667,https://binlists.com/666063
666064,MAESTRO,,DEBIT,ATM ONLY,"CITIBANK (HONG KONG), LTD.",Hong Kong,HK,22.25,114.1667,https://binlists.com/666064
666065,MAESTRO,,DEBIT,ATM ONLY,"CITIBANK (HONG KONG), LTD.",Hong Kong,HK,22.25,114.1667,https://binlists.com/666065
666066,MAESTRO,,DEBIT,ATM ONLY,"CITIBANK (HONG KONG), LTD.",Hong Kong,HK,22.25,114.1667,https://binlists.com/666066
666067,MAESTRO,,DEBIT,ATM ONLY,"CITIBANK (HONG KONG), LTD.",Hong Kong,HK,22.25,114.1667,https://binlists.com/666067
666068,MAESTRO,,DEBIT,ATM ONLY,"CITIBANK (HONG KONG), LTD.",Hong Kong,HK,22.25,114.1667,https://binlists.com/666068
666069,MAESTRO,,DEBIT,ATM ONLY,"CITIBANK (HONG KONG), LTD.",Hong Kong,HK,22.25,114.1667,https://binlists.com/666069
666070,MAESTRO,,DEBIT,ATM ONLY,"CITIBANK (HONG KONG), LTD.",Hong Kong,HK,22.25,114.1667,https://binlists.com/666070
666071,MAESTRO,,DEBIT,ATM ONLY,"CITIBANK (HONG KONG), LTD.",Hong Kong,HK,22.25,114.1667,https://binlists.com/666071
666072,MAESTRO,,DEBIT,ATM ONLY,"CITIBANK (HONG KONG), LTD.",Hong Kong,HK,22.25,114.1667,https://binlists.com/666072
666073,MAESTRO,,DEBIT,ATM ONLY,"CITIBANK (HONG KONG), LTD.",Hong Kong,HK,22.25,114.1667,https://binlists.com/666073
666074,MAESTRO,,DEBIT,ATM ONLY,"CITIBANK (HONG KONG), LTD.",Hong Kong,HK,22.25,114.1667,https://binlists.com/666074
666075,MAESTRO,,DEBIT,ATM ONLY,"CITIBANK (HONG KONG), LTD.",Hong Kong,HK,22.25,114.1667,https://binlists.com/666075
666076,MAESTRO,,DEBIT,ATM ONLY,"CITIBANK (HONG KONG), LTD.",Hong Kong,HK,22.25,114.1667,https://binlists.com/666076
666077,MAESTRO,,DEBIT,ATM ONLY,"CITIBANK (HONG KONG), LTD.",Hong Kong,HK,22.25,114.1667,https://binlists.com/666077
666078,MAESTRO,,DEBIT,ATM ONLY,"CITIBANK (HONG KONG), LTD.",Hong Kong,HK,22.25,114.1667,https://binlists.com/666078
666079,MAESTRO,,DEBIT,ATM ONLY,"CITIBANK (HONG KONG), LTD.",Hong Kong,HK,22.25,114.1667,https://binlists.com/666079
666080,MAESTRO,,DEBIT,ATM ONLY,"CITIBANK (HONG KONG), LTD.",Hong Kong,HK,22.25,114.1667,https://binlists.com/666080
666081,MAESTRO,,DEBIT,ATM ONLY,"CITIBANK (HONG KONG), LTD.",Hong Kong,HK,22.25,114.1667,https://binlists.com/666081
666082,MAESTRO,,DEBIT,ATM ONLY,"CITIBANK (HONG KONG), LTD.",Hong Kong,HK,22.25,114.1667,https://binlists.com/666082
666083,MAESTRO,,DEBIT,ATM ONLY,"CITIBANK (HONG KONG), LTD.",Hong Kong,HK,22.25,114.1667,https://binlists.com/666083
666084,MAESTRO,,DEBIT,ATM ONLY,"CITIBANK (HONG KONG), LTD.",Hong Kong,HK,22.25,114.1667,https://binlists.com/666084
666085,MAESTRO,,DEBIT,ATM ONLY,"CITIBANK (HONG KONG), LTD.",Hong Kong,HK,22.25,114.1667,https://binlists.com/666085
666086,MAESTRO,,DEBIT,ATM ONLY,"CITIBANK (HONG KONG), LTD.",Hong Kong,HK,22.25,114.1667,https://binlists.com/666086
666087,MAESTRO,,DEBIT,ATM ONLY,"CITIBANK (HONG KONG), LTD.",Hong Kong,HK,22.25,114.1667,https://binlists.com/666087
666088,MAESTRO,,DEBIT,ATM ONLY,"CITIBANK (HONG KONG), LTD.",Hong Kong,HK,22.25,114.1667,https://binlists.com/666088
666089,MAESTRO,,DEBIT,ATM ONLY,"CITIBANK (HONG KONG), LTD.",Hong Kong,HK,22.25,114.1667,https://binlists.com/666089
666090,MAESTRO,,DEBIT,ATM ONLY,"CITIBANK (HONG KONG), LTD.",Hong Kong,HK,22.25,114.1667,https://binlists.com/666090
666091,MAESTRO,,DEBIT,ATM ONLY,"CITIBANK (HONG KONG), LTD.",Hong Kong,HK,22.25,114.1667,https://binlists.com/666091
666092,MAESTRO,,DEBIT,ATM ONLY,"CITIBANK (HONG KONG), LTD.",Hong Kong,HK,22.25,114.1667,https://binlists.com/666092
666093,MAESTRO,,DEBIT,ATM ONLY,"CITIBANK (HONG KONG), LTD.",Hong Kong,HK,22.25,114.1667,https://binlists.com/666093
666094,MAESTRO,,DEBIT,ATM ONLY,"CITIBANK (HONG KONG), LTD.",Hong Kong,HK,22.25,114.1667,https://binlists.com/666094
666095,MAESTRO,,DEBIT,ATM ONLY,"CITIBANK (HONG KONG), LTD.",Hong Kong,HK,22.25,114.1667,https://binlists.com/666095
666096,MAESTRO,,DEBIT,ATM ONLY,"CITIBANK (HONG KONG), LTD.",Hong Kong,HK,22.25,114.1667,https://binlists.com/666096
666097,MAESTRO,,DEBIT,ATM ONLY,"CITIBANK (HONG KONG), LTD.",Hong Kong,HK,22.25,114.1667,https://binlists.com/666097
666098,MAESTRO,,DEBIT,ATM ONLY,"CITIBANK (HONG KONG), LTD.",Hong Kong,HK,22.25,114.1667,https://binlists.com/666098
666099,MAESTRO,,DEBIT,ATM ONLY,"CITIBANK (HONG KONG), LTD.",Hong Kong,HK,22.25,114.1667,https://binlists.com/666099
